lnwage,educ,exper,tenure,isco,female,lfp,age,kids6,kids714,wt,mstat
3.7330403,9,9.041667,3.4166667,1,1,1,37,0,0,.5302977232924694,1
3.6008685,9,7.25,20.666666,1,0,1,62,0,0,1.060595446584939,2
3.1590359,10.5,2.5,.083333336,1,1,1,40,0,0,1.060595446584939,2
3.3932292,12,26.5,6.1666665,1,0,1,55,0,0,1.060595446584939,3
3.8056629,12,13.916667,1.3333334,1,0,1,36,1,1,1.060595446584939,2
3.2723646,10.5,9.25,0,1,0,1,31,0,0,1.060595446584939,2
3.5282979,10.5,29.416666,28.75,1,0,1,50,0,1,.5302977232924694,3
3.8056629,17.5,10.083333,6.25,1,0,1,42,1,0,2.121190893169878,3
3.824012,17.5,2.0416667,5.0833335,1,0,1,36,0,0,1.060595446584939,2
3.3821793,10.5,10.833333,8.583333,1,0,1,30,0,0,1.060595446584939,2
3.4757054,10.5,6.9166665,5.1666665,1,1,1,32,1,0,1.060595446584939,2
3.9132433,9,7.125,4.4166665,1,1,1,33,0,1,1.060595446584939,1
3.9009731,12,16.833334,.5,1,1,1,36,0,0,1.060595446584939,2
3.3413575,10.5,0,11.916667,1,1,1,53,0,0,.5302977232924694,1
3.824012,10.5,3.9166667,23.916666,1,0,1,47,0,0,1.060595446584939,2
3.6496587,17.5,2.8333333,1.8333334,1,1,1,38,0,0,1.060595446584939,1
3.824012,10.5,24.833334,11.75,1,0,1,41,0,0,.5302977232924694,1
3.6496587,12,15.166667,12.833333,1,0,1,53,0,0,1.060595446584939,2
2.8522086,9,0,2.75,1,1,1,25,0,0,.5302977232924694,1
4.0063338,12.5,20.5,19.5,1,0,1,44,0,0,1.060595446584939,2
3.6233413,12,11.083333,10.333333,1,0,1,40,0,0,1.060595446584939,2
3.6847501,17.5,7.75,1.0833334,1,1,1,47,0,0,.5302977232924694,1
3.4185469,10,35.416668,30.416666,1,0,1,58,0,0,1.590893169877408,2
4.6041708,12.5,7.1666665,17.416666,1,0,1,44,0,1,1.060595446584939,2
.89281839,10.5,0,0,1,1,1,20,0,0,2.121190893169878,1
3.7550192,12,30.166666,12.083333,1,0,1,45,0,0,1.060595446584939,2
4.0063338,10.5,18,1.6666666,1,0,1,47,0,0,.5302977232924694,1
3.3821793,12,9.916667,3.25,1,1,1,30,0,0,1.060595446584939,2
3.8033929,12,17.25,1.0833334,1,0,1,38,1,1,1.060595446584939,2
3.860826,12.5,12.583333,20.833334,1,0,1,55,0,0,1.060595446584939,3
3.68788,12,26.5,10.333333,1,0,1,43,0,2,1.060595446584939,2
3.4185469,15,6.5833335,3.9166667,1,0,1,31,2,0,1.060595446584939,2
4.101644,12.5,7,6.9166665,1,0,1,45,0,2,1.060595446584939,2
2.9932435,12,6.8333335,2.75,1,0,1,25,0,0,.5302977232924694,1
3.7594736,17.5,2.0833333,.25,1,1,1,31,1,0,1.060595446584939,2
3.6040635,10.5,7.6666665,12.416667,1,0,1,41,0,0,2.121190893169878,2
3.4608226,12.5,8.416667,0,1,0,1,28,0,0,1.060595446584939,1
3.3103254,10.5,18,4.5,1,0,1,36,0,0,.5302977232924694,3
3.5626473,12,6.4166665,7.6666665,1,0,1,33,1,2,1.060595446584939,2
3.4715044,11.5,9.416667,26.166666,1,0,1,56,0,0,1.590893169877408,2
4.3740587,12,6.25,1.6666666,1,0,1,37,2,1,1.060595446584939,2
3.7186515,12.5,11.416667,9.5,1,0,1,34,2,0,1.060595446584939,2
3.1461871,12,18.083334,11.5,1,0,1,39,0,4,1.060595446584939,2
3.566967,10.5,20.083334,3.0833333,1,0,1,40,0,0,.5302977232924694,3
3.8846369,10.5,12.166667,18,1,0,1,50,0,0,1.590893169877408,2
3.7159812,15,13.25,1.4166666,1,0,1,35,3,0,1.060595446584939,2
3.5755508,10.5,11.166667,2.3333333,1,0,1,36,2,0,1.060595446584939,2
3.4185469,10,1.5833334,8.166667,1,0,1,31,0,0,1.060595446584939,1
3.5755508,10.5,22.166666,10.916667,1,0,1,60,0,0,1.060595446584939,2
3.8503294,17.5,5.0833335,5.0833335,1,1,1,32,0,0,.5302977232924694,1
4.0063338,12,3.5,13.583333,1,0,1,46,0,1,1.590893169877408,2
3.3131864,12,4.5833335,9.25,1,0,1,33,0,0,.5302977232924694,1
3.9946377,10.5,2.3333333,33.916668,1,0,1,55,0,0,1.060595446584939,2
4.1604843,15,23.416666,5.8333335,1,0,1,51,0,0,1.060595446584939,2
4.1635194,10.5,24.083334,16,1,0,1,59,0,0,.5302977232924694,1
2.4575205,12,41.25,21.416666,1,0,1,61,0,0,1.590893169877408,2
3.3965681,10.5,10,10.833333,1,1,1,53,0,0,1.060595446584939,2
3.53633,10.5,4.4166665,.083333336,1,0,1,50,0,0,1.590893169877408,2
4.0624232,15,10.083333,8.5,1,0,1,48,0,2,1.060595446584939,2
3.7631032,12.5,8.583333,9.916667,1,1,1,43,0,0,.5302977232924694,1
3.4185469,10.5,8.416667,19.333334,1,0,1,46,0,0,1.060595446584939,2
3.6008685,17.5,4.25,17.666666,1,0,1,52,0,0,2.121190893169878,2
3.3131864,12.5,10.083333,10,1,1,1,36,2,1,1.060595446584939,2
3.4673371,15,21.416666,2.75,1,0,1,44,0,1,1.060595446584939,2
3.5138571,10.5,15.75,3.5833333,1,0,1,41,1,1,1.060595446584939,2
3.4673371,15,9.166667,.33333334,1,1,1,32,1,0,1.060595446584939,2
3.1308649,15,21.083334,0,1,0,1,40,0,0,1.060595446584939,2
4.3064384,12,6.25,0,1,1,1,50,0,0,.5302977232924694,1
3.5098491,12.5,19.75,1.9166666,1,1,1,53,0,0,1.590893169877408,3
3.3777251,12,16.333334,2.5,1,1,1,38,0,0,.5302977232924694,1
4.173388,17.5,10.083333,1.3333334,1,1,1,38,0,0,.5302977232924694,1
4.2759972,17.5,10.583333,.75,1,0,1,43,0,0,1.060595446584939,2
.50768095,5,24.416666,18.5,1,1,1,57,0,0,.5302977232924694,3
3.7186515,15,2.3333333,4.4166665,1,0,1,41,0,0,1.060595446584939,2
2.9148388,10.5,4.75,3.75,1,0,1,25,0,0,.5302977232924694,1
2.9629841,10.5,12.291667,.083333336,1,1,1,37,0,0,.5302977232924694,1
3.9009731,12,15.083333,15.166667,1,0,1,50,0,0,1.590893169877408,2
3.6271858,10.5,25.416666,6,1,0,1,51,0,0,2.121190893169878,2
3.68788,12,6.5833335,10.25,1,0,1,56,0,0,1.060595446584939,2
3.9009731,10.5,11.666667,18.166666,1,0,1,59,0,0,1.060595446584939,2
3.7594736,10.5,45.166668,31.833334,1,0,1,61,0,0,1.060595446584939,2
4.0371051,12,10,3.5833333,1,1,1,36,0,0,.5302977232924694,1
3.1796551,10.5,1.0833334,.25,1,0,1,22,0,0,2.121190893169878,1
3.3367169,9,8.416667,2.3333333,1,1,1,50,0,0,1.060595446584939,2
3.7033842,12,37.083332,28.5,1,0,1,59,0,0,1.060595446584939,2
3.7439694,9,13.666667,25.166666,1,0,1,58,0,0,.5302977232924694,3
4.1341672,10.5,2,15,1,0,1,42,0,2,1.060595446584939,2
3.9575436,17.5,3.0833333,17.083334,1,0,1,45,0,1,1.060595446584939,2
4.2070045,17.5,8.083333,15.666667,2,0,1,53,0,0,1.060595446584939,3
3.2178764,17.5,8.083333,12.833333,2,0,1,51,0,0,.5302977232924694,1
3.9009731,15,34.5,19.666666,2,0,1,60,0,0,1.060595446584939,2
4.1341672,17.5,32.833332,30,2,0,1,58,0,0,.5302977232924694,1
2.9275241,12.5,2.25,2.25,2,0,1,27,1,0,1.060595446584939,1
3.9744415,17.5,8.083333,8.5,2,0,1,51,0,1,1.060595446584939,2
4.0063338,17.5,0,11.416667,2,0,1,44,1,2,1.060595446584939,2
3.9575436,15,9.083333,20.916666,2,0,1,51,0,0,1.060595446584939,2
3.400198,17.5,17,9.416667,2,0,1,53,0,0,.5302977232924694,1
4.3965311,10.5,24.166666,15,2,0,1,44,0,0,.5302977232924694,3
3.7485046,15,7.25,2.5,2,0,1,35,0,0,1.060595446584939,2
3.2643964,12,6.1666665,.58333331,2,1,1,27,0,0,1.060595446584939,2
3.3131864,10.5,18.25,11.333333,2,1,1,38,0,0,.5302977232924694,1
3.5620825,12.5,1.25,6.25,2,0,1,31,1,0,1.060595446584939,2
3.6698616,12,7.6666665,7.6666665,2,0,1,33,0,0,.5302977232924694,1
3.5543485,12,33.416668,27.25,2,0,1,52,0,0,1.060595446584939,2
4.0994244,10.5,22.666666,10.25,2,0,1,52,0,0,1.590893169877408,2
4.0753264,15,27.416666,21.5,2,0,1,51,0,0,1.060595446584939,2
4.0063338,12.5,13.583333,3,2,1,1,36,0,2,1.060595446584939,2
3.9575436,10.5,33.333332,27,2,0,1,54,0,0,1.060595446584939,2
3.4495046,10.5,2.8333333,6,2,0,1,31,0,0,.5302977232924694,1
3.6526935,17.5,12.416667,1.8333334,2,0,1,40,1,0,1.060595446584939,2
3.3131864,10.5,0,7.6666665,2,0,1,28,0,0,1.060595446584939,2
3.3312051,10.5,12.666667,.41666666,2,0,1,31,0,0,.5302977232924694,1
3.78319,12,35,1.75,2,0,1,58,0,0,.5302977232924694,3
4.0063338,15,17,19.166666,2,0,1,56,0,0,1.060595446584939,2
3.5420282,10.5,19.75,9.916667,2,0,1,40,0,0,1.060595446584939,2
3.8200042,15,11.5,1.0833334,2,0,1,34,2,0,1.060595446584939,2
3.6008685,12.5,8.916667,4.5,2,1,1,30,1,0,1.060595446584939,2
1.7037486,9,2.25,.75,2,0,1,18,0,0,1.060595446584939,1
3.4577677,10.5,17.416666,7.4166665,2,0,1,37,0,0,.5302977232924694,1
3.5275965,12.5,12.083333,6.4166665,2,0,1,33,1,0,1.060595446584939,2
3.78319,12.5,15.25,8.166667,2,0,1,43,0,0,1.060595446584939,2
3.48754,10.5,20.166666,8.5,2,1,1,36,0,0,.5302977232924694,1
3.4309695,10.5,11.333333,2.5,2,1,1,30,2,0,1.060595446584939,2
3.446718,10.5,13.5,.083333336,2,0,1,34,2,0,1.060595446584939,2
3.7802095,17.5,3.5,2.9166667,2,0,1,34,1,0,1.060595446584939,1
3.9110236,15,5.75,.5,2,0,1,31,0,0,1.060595446584939,2
3.8930051,10.5,28.416666,20.5,2,0,1,57,0,0,.5302977232924694,3
3.4562874,10.5,1.0833334,11.833333,2,0,1,43,0,1,1.060595446584939,2
3.9491754,10.5,31.333334,9.666667,2,0,1,51,0,0,1.060595446584939,2
2.9780178,10.5,1.4166666,.91666669,2,0,1,20,0,0,1.590893169877408,1
3.7108696,12.5,18.333334,2.6666667,2,0,1,37,0,0,.5302977232924694,1
3.4730351,10.5,24,24,2,1,1,44,0,0,.5302977232924694,1
3.566967,10.5,33.833332,.083333336,2,0,1,52,0,0,.5302977232924694,1
3.4493186,10.5,1.6666666,.083333336,2,0,1,23,0,0,1.590893169877408,1
3.777492,15,20.166666,8.916667,2,0,1,47,0,0,1.060595446584939,2
3.6702392,12,4.0833335,7.5833335,2,0,1,35,1,0,1.060595446584939,2
3.8930051,10.5,31.083334,31.083334,2,0,1,54,0,0,.5302977232924694,3
3.2178764,17.5,31.166666,.083333336,2,0,1,58,0,0,1.060595446584939,2
4.2294774,15,14.083333,6.25,2,0,1,56,0,0,1.060595446584939,2
3.5593195,17.5,0,8.333333,2,0,1,33,2,0,1.060595446584939,2
3.407414,15,5.25,.66666669,2,0,1,28,0,0,1.060595446584939,1
3.9491754,15,18.583334,7.25,2,0,1,42,0,1,1.060595446584939,2
4.1341672,17.5,35.833332,31.25,2,0,1,59,0,0,1.590893169877408,2
3.4185469,17.5,.16666667,.16666667,2,0,1,24,0,0,.5302977232924694,1
3.6809113,12.5,2.5,8.5,2,0,1,35,3,0,1.060595446584939,2
4.1293936,12.5,8.333333,.083333336,2,0,1,42,0,3,.5302977232924694,3
4.141253,15,12.916667,9.75,2,0,1,56,0,0,1.060595446584939,3
3.8056629,12,19.083334,2.25,2,0,1,53,0,0,1.060595446584939,2
4.0063338,12.5,13,4.1666665,2,0,1,39,1,2,1.060595446584939,2
3.8004816,15,39.5,.083333336,2,0,1,55,0,0,1.060595446584939,2
3.4265151,15,8.75,2.0833333,2,0,1,35,0,0,.5302977232924694,3
2.9077213,10.5,2.4166667,.58333331,2,0,1,24,0,0,2.651488616462347,1
2.9077213,10.5,4.1666665,9,2,0,1,32,0,0,1.590893169877408,1
3.446718,10.5,7.875,.91666669,2,0,1,35,0,0,.5302977232924694,1
3.0900428,15,3.4166667,1.25,2,0,1,32,0,0,1.060595446584939,1
4.0063338,17.5,8.125,.5,2,1,1,41,2,0,1.060595446584939,2
3.0159349,15,3.4166667,2.5,2,0,1,31,0,0,.5302977232924694,1
2.7535708,17.5,6.5416665,11.916667,2,1,1,41,0,2,1.060595446584939,2
3.741641,15,27.916666,22.833334,2,0,1,50,0,0,1.590893169877408,2
3.824012,15,9.583333,14.333333,2,0,1,49,0,0,1.060595446584939,2
3.5116374,15,0,.16666667,2,0,1,27,0,0,1.060595446584939,1
3.4616065,17.5,17.833334,15.416667,2,0,1,48,0,0,.5302977232924694,1
3.5593195,17.5,5,5,2,0,1,30,0,0,1.060595446584939,1
3.53633,15,2.4166667,1.9166666,2,0,1,26,0,0,.5302977232924694,1
3.4822628,15,9.416667,6.25,2,0,1,33,0,0,1.060595446584939,1
3.2390785,15,1.9166666,1.9166666,2,0,1,25,0,0,.5302977232924694,1
3.5318756,15,0,.25,2,0,1,26,0,0,.5302977232924694,1
3.6008685,17.5,7.0833335,6.4166665,2,0,1,34,0,0,1.060595446584939,2
4.018168,15,28.416666,11.416667,2,0,1,48,0,2,1.060595446584939,2
4.1886554,15,10,9.25,2,0,1,42,1,2,1.060595446584939,2
4.1116943,15,5.0833335,24.5,2,0,1,53,0,0,.5302977232924694,3
3.4673371,15,3.6666667,3.6666667,2,0,1,28,0,0,1.060595446584939,1
3.566967,15,37.25,32.75,2,0,1,57,0,0,1.590893169877408,2
3.5449882,17.5,1.375,.083333336,2,1,1,36,2,0,1.060595446584939,2
3.824012,17.5,7.5,2.8333333,2,0,1,34,2,0,1.060595446584939,2
3.2441936,17.5,1.0833334,2.1666667,2,0,1,31,1,0,1.060595446584939,2
3.53633,17.5,12.125,13.916667,2,1,1,53,0,0,1.590893169877408,2
3.6523762,17.5,0,5.25,2,1,1,40,1,0,1.060595446584939,2
3.8885508,15,0,5.75,2,0,1,43,0,0,1.060595446584939,1
3.8795819,15,0,14.333333,2,0,1,44,0,1,1.590893169877408,2
3.3932292,17.5,0,3.25,2,0,1,30,0,0,1.060595446584939,2
3.2200961,17.5,.66666669,.66666669,2,0,1,26,0,0,.5302977232924694,1
3.3470881,17.5,12.416667,5,2,1,1,46,1,0,1.060595446584939,2
3.1891339,17.5,1.5,.5,2,0,1,28,0,0,.5302977232924694,1
3.1506677,17.5,1.1666666,6.25,2,0,1,37,0,0,1.060595446584939,2
4.0753264,17.5,11.666667,.16666667,2,0,1,40,0,0,1.060595446584939,3
3.5455184,17.5,9.333333,9.333333,2,0,1,34,2,0,1.060595446584939,2
3.3131864,17.5,2.9583333,4.5833335,2,0,1,42,1,0,1.060595446584939,2
4.0726562,17.5,10.833333,9.333333,2,0,1,48,0,2,1.060595446584939,2
2.8824036,17.5,6.25,.083333336,2,1,1,31,1,0,1.060595446584939,2
4.1116943,9,31.333334,29.833334,2,0,1,52,0,0,2.121190893169878,2
3.9110236,9,15.125,1.9166666,2,0,1,46,0,0,.5302977232924694,1
3.9843547,15,13.5,10.166667,2,0,1,47,0,2,1.060595446584939,2
3.4850368,15,16.333334,5.4166665,2,1,1,49,1,1,1.060595446584939,2
3.6654072,17.5,13.5,.083333336,2,1,1,50,0,0,.5302977232924694,1
3.9009731,17.5,25.5,25.5,2,1,1,54,0,0,.5302977232924694,1
3.6809113,17.5,1.0833334,2.1666667,2,1,1,27,0,0,.5302977232924694,1
3.5561328,12.5,2.25,.16666667,2,0,1,23,0,0,2.121190893169878,1
4.0063338,17.5,29.416666,29.416666,2,0,1,56,0,0,2.121190893169878,2
3.824012,15,16.5,2.8333333,2,0,1,41,1,1,2.121190893169878,2
3.257097,12.5,4.4166665,4.4166665,2,0,1,31,0,0,.5302977232924694,1
3.7986944,15,20,9.416667,2,1,1,44,0,0,1.060595446584939,2
3.594599,12.5,23.375,10.833333,2,1,1,45,0,0,.5302977232924694,1
4.0063338,17.5,2.0833333,30.583334,2,0,1,57,0,0,1.060595446584939,2
3.824012,17.5,1.5,.58333331,2,0,1,32,0,0,1.060595446584939,1
4.0063338,9,.58333331,33.5,2,0,1,62,0,0,1.060595446584939,2
4.1886554,12.5,11.666667,24.75,2,0,1,57,0,0,1.060595446584939,2
4.1241169,17.5,15.333333,12.583333,2,0,1,38,0,0,1.060595446584939,2
3.6698616,10.5,18.125,13.916667,2,1,1,46,0,0,.5302977232924694,3
3.6255612,17.5,12.416667,.83333331,2,1,1,38,1,1,1.060595446584939,2
3.3932292,10.5,9.916667,3.5833333,2,1,1,39,0,1,1.060595446584939,2
3.6008685,17.5,1.4583334,2.9166667,2,0,1,37,0,0,1.060595446584939,1
3.53633,10.5,18.791666,6.5,2,1,1,47,0,0,.5302977232924694,1
3.1308649,10.5,2.0416667,1,2,1,1,30,0,2,1.060595446584939,2
4.257648,17.5,18.25,9.083333,2,0,1,46,0,0,1.060595446584939,3
4.0471559,17.5,7.7083335,5.75,2,1,1,32,0,0,.5302977232924694,1
2.4377177,17.5,2.3333333,.33333334,2,1,1,24,0,0,1.060595446584939,1
3.6553569,12.5,13.916667,12.083333,2,1,1,43,0,0,1.060595446584939,1
4.0753264,17.5,8.375,5.75,2,0,1,36,2,0,1.060595446584939,2
3.824012,17.5,12.916667,2,2,0,1,45,0,0,.5302977232924694,1
3.3131864,12.5,12.25,14.333333,2,1,1,46,0,0,1.060595446584939,2
3.9253647,17.5,17.666666,17.666666,2,0,1,44,2,0,1.060595446584939,2
3.9417951,11.5,9.583333,27.25,2,0,1,58,0,0,2.651488616462347,2
3.9322257,17.5,29.833334,28.333334,2,0,1,54,0,0,1.060595446584939,2
4.040235,17.5,7.1666665,6.1666665,2,1,1,31,0,0,.5302977232924694,1
3.9417951,17.5,22.416666,22.416666,2,0,1,47,0,2,1.060595446584939,2
3.8728023,12.5,23.375,20.916666,2,0,1,43,0,0,1.060595446584939,2
3.3131864,12.5,.83333331,.83333331,2,0,1,27,0,0,1.060595446584939,1
4.3317561,17.5,10.708333,.41666666,2,0,1,39,3,0,1.060595446584939,2
3.78319,17.5,19.666666,19.666666,2,0,1,43,1,0,1.060595446584939,2
3.1853533,17.5,6.4583335,2.9166667,2,1,1,35,0,0,1.060595446584939,2
3.7396154,17.5,6.8333335,4.8333335,2,1,1,33,1,0,1.060595446584939,2
4.0216012,17.5,34.333332,32.916668,2,0,1,58,0,0,1.060595446584939,2
3.5755508,17.5,15.291667,9,2,1,1,44,0,0,1.060595446584939,3
3.3687563,17.5,3.9583333,7.9166665,2,0,1,54,0,1,1.060595446584939,3
3.824012,17.5,11.208333,1.9166666,2,1,1,39,1,2,1.060595446584939,2
3.0720246,12.5,2.4166667,.41666666,2,0,1,24,0,0,.5302977232924694,1
3.1954036,17.5,3.2083333,1.25,2,1,1,28,0,0,.5302977232924694,1
3.7186515,12.5,14.458333,.33333334,2,1,1,38,0,0,1.060595446584939,1
2.9077213,17.5,0,.66666669,2,1,1,26,0,0,.5302977232924694,1
3.0900428,17.5,1.2916666,1.8333334,2,1,1,39,0,0,1.060595446584939,2
3.1590359,17.5,3.2083333,.91666669,2,0,1,27,0,0,1.060595446584939,1
4.0641532,17.5,16.666666,11.666667,2,1,1,53,0,0,1.060595446584939,2
3.8885508,15,10.833333,3.4166667,2,0,1,35,1,1,1.060595446584939,2
4.0063338,12,8.166667,1.9166666,2,0,1,29,2,0,1.060595446584939,2
3.3367169,10.5,8.416667,2.9166667,2,1,1,30,0,0,.5302977232924694,1
3.7674417,12,7.4166665,10.583333,2,1,1,37,0,0,.5302977232924694,1
4.0063338,12,23.166666,21,2,0,1,62,0,0,1.060595446584939,2
4.1494236,12,4.25,5.3333335,2,0,1,33,0,0,.5302977232924694,1
3.375062,12,8.75,1.3333334,2,0,1,29,2,0,1.060595446584939,2
3.8659763,17.5,8,1.0833334,2,0,1,38,2,0,1.060595446584939,2
3.48754,10.5,9.583333,1.4166666,2,1,1,34,0,0,1.060595446584939,2
3.7260318,12,9.666667,8.833333,2,0,1,37,0,2,1.060595446584939,2
3.3312051,10.5,17.666666,2.4166667,2,1,1,37,0,0,.5302977232924694,1
3.9550405,17.5,27.75,9.75,2,0,1,54,0,1,2.121190893169878,2
3.1308649,10.5,5.4166665,.66666669,2,1,1,26,1,0,1.060595446584939,2
4.0063338,10.5,1.7083334,.16666667,2,1,1,27,2,0,1.060595446584939,3
3.613291,12,9.083333,3.5833333,2,0,1,37,0,0,1.060595446584939,1
2.97226,12,.66666669,.25,2,1,1,24,0,0,.5302977232924694,1
3.5047247,10.5,11.75,5.9166665,2,1,1,39,0,0,.5302977232924694,1
3.0805643,10.5,23.166666,.75,2,0,1,42,0,0,1.060595446584939,2
3.7876444,15,14.333333,2.5,2,1,1,49,0,2,1.060595446584939,2
3.495508,12.5,15.083333,.91666669,2,0,1,39,0,0,.5302977232924694,1
2.9767144,12,7.75,.58333331,2,0,1,27,0,0,.5302977232924694,1
3.4244123,10.5,6.5833335,1,2,1,1,26,0,0,1.060595446584939,1
3.6206713,15,7.4166665,7.6666665,2,1,1,35,0,0,.5302977232924694,1
3.3833907,17.5,2.5,2.5,2,0,1,29,0,0,1.060595446584939,1
3.5885985,12,23.416666,13.333333,2,0,1,41,0,0,1.060595446584939,1
3.6794198,15,2.7083333,5.1666665,2,0,1,33,0,0,.5302977232924694,1
3.6975982,17.5,1.625,3.25,2,0,1,31,0,0,.5302977232924694,1
3.5788896,17.5,2.75,.58333331,2,1,1,29,0,0,.5302977232924694,1
4.1460958,17.5,6.0833335,2.5,2,0,1,33,0,0,.5302977232924694,1
3.48754,17.5,.58333331,.58333331,2,1,1,27,0,0,1.060595446584939,1
1.1159619,17.5,0,1.0833334,2,0,1,27,0,0,1.590893169877408,1
3.4768159,9,.41666666,.41666666,2,0,1,28,0,0,1.060595446584939,1
3.6160855,17.5,7.0416665,5.9166665,2,1,1,33,0,0,.5302977232924694,1
3.3833907,17.5,.083333336,.083333336,2,0,1,25,0,0,1.590893169877408,1
4.0624232,17.5,0,13.5,2,0,1,48,0,1,1.060595446584939,2
4.0933452,17.5,11.666667,3.3333333,2,0,1,41,0,2,1.060595446584939,2
4.1116943,17.5,13.208333,.75,2,0,1,39,1,2,1.060595446584939,2
3.3131864,17.5,3.875,2.9166667,2,1,1,29,0,0,.5302977232924694,1
3.4673371,12,26.583334,7.25,2,0,1,46,0,0,1.060595446584939,2
2.9650464,10.5,12.958333,9.083333,2,1,1,54,0,0,1.060595446584939,2
3.5645008,11.5,6.6666665,13.166667,2,0,1,45,0,1,1.590893169877408,2
3.7727189,11.5,19.458334,16.916666,2,1,1,60,0,0,1.060595446584939,2
3.7544477,12.5,14.5,7.9166665,2,1,1,43,0,0,1.060595446584939,2
4.0471559,17.5,5,4.5,2,1,1,33,0,0,1.060595446584939,1
4.0063338,17.5,4.25,.41666666,2,0,1,41,0,0,1.060595446584939,2
3.9110236,15,7.5,1.9166666,2,0,1,37,0,2,1.060595446584939,2
3.6825466,15,5.0833335,.58333331,2,0,1,29,0,0,.5302977232924694,1
3.6008685,17.5,2.0833333,7.5833335,2,0,1,34,0,0,.5302977232924694,1
3.8392797,17.5,13.166667,7.4166665,2,0,1,46,0,0,.5302977232924694,1
3.8617525,15,1.75,8.333333,2,0,1,39,1,0,.5302977232924694,3
4.0063338,9,10.916667,4.4166665,2,0,1,46,0,2,1.060595446584939,2
3.7594736,17.5,4.9583335,.33333334,2,1,1,40,0,0,1.060595446584939,2
3.3583069,15,9.166667,3,2,0,1,30,1,0,1.060595446584939,2
3.5138571,9,4.9166665,3.75,2,1,1,28,0,0,.5302977232924694,1
3.3131864,17.5,9.083333,9.083333,2,1,1,58,0,0,1.060595446584939,2
4.4370823,17.5,16.041666,5.5833335,2,1,1,41,0,2,1.590893169877408,2
2.2145741,12.5,.25,.083333336,2,1,1,24,0,0,2.121190893169878,1
3.3619766,15,8,3.0833333,2,1,1,34,0,0,1.060595446584939,1
3.446718,17.5,4,3,2,1,1,34,0,0,.5302977232924694,1
3.2907135,12,7.25,3.1666667,2,0,1,29,0,0,.5302977232924694,1
3.5468013,12,20.041666,15.75,2,1,1,57,0,0,1.590893169877408,2
3.8121777,15,10.166667,3.0833333,2,0,1,37,1,1,1.060595446584939,1
3.53633,10.5,24,2.3333333,2,0,1,44,0,2,1.060595446584939,2
3.6904807,12,23.5,13.833333,2,1,1,57,0,0,.5302977232924694,1
3.103466,10.5,6,4.6666665,2,1,1,29,0,0,.5302977232924694,1
3.495508,12,28.666666,16.083334,2,1,1,56,0,0,.5302977232924694,1
3.4185469,15,6.0416665,2.4166667,2,1,1,46,0,0,1.060595446584939,2
3.6809113,15,18.25,9.833333,2,1,1,51,0,0,.5302977232924694,1
3.747225,15,6.3333335,2,2,0,1,47,0,1,1.060595446584939,2
3.3806279,12,8.666667,3,2,1,1,40,0,0,.5302977232924694,3
3.9612134,17.5,13.583333,3.0833333,2,1,1,42,0,0,.5302977232924694,3
3.2618933,10.5,8,4.0833335,2,0,1,28,0,0,1.060595446584939,1
3.824012,10.5,14.083333,11,2,1,1,50,0,0,.5302977232924694,3
3.6445436,12.5,4.5833335,2.5,2,1,1,31,0,0,1.060595446584939,1
3.7460506,12,6,4,2,1,1,32,4,0,1.060595446584939,2
4.2940159,9,25.625,20,2,0,1,50,0,2,1.060595446584939,2
4.2070045,17.5,18.041666,9.333333,2,0,1,51,0,0,.5302977232924694,1
3.495508,12,9.75,13.583333,2,1,1,47,0,0,.5302977232924694,3
3.6778297,12.5,22.583334,8.5,2,0,1,55,0,1,1.590893169877408,2
3.510725,10.5,36,27.083334,3,0,1,54,0,0,1.590893169877408,2
3.6316402,10.5,13,13,3,0,1,34,1,1,1.060595446584939,2
4.0753264,12,7.25,8.666667,3,0,1,34,0,2,1.060595446584939,2
3.3131864,10.5,25.333334,13.25,3,0,1,46,1,1,1.060595446584939,2
3.8728023,12,12.416667,4.3333335,3,0,1,43,0,1,.5302977232924694,3
3.8811705,10.5,28.708334,3.4166667,3,0,1,49,0,0,.5302977232924694,1
3.2331438,10.5,3.9166667,3.6666667,3,1,1,35,0,1,1.060595446584939,2
3.8766558,10.5,15.833333,5.25,3,0,1,43,0,1,.5302977232924694,3
3.4438066,9,15.166667,11.166667,3,0,1,34,1,1,1.060595446584939,2
3.3131864,12.5,20.541666,8.25,3,0,1,41,0,0,.5302977232924694,3
3.4838121,10.5,30.166666,17.333334,3,0,1,49,0,0,.5302977232924694,3
3.495508,10.5,41.5,29.416666,3,0,1,61,0,0,.5302977232924694,2
3.7186515,12.5,35.75,32.666668,3,0,1,56,0,0,1.590893169877408,2
2.6200392,10.5,11.25,1.4166666,3,1,1,32,0,0,1.060595446584939,2
3.3842039,12.5,8.541667,5.3333335,3,0,1,31,0,0,1.060595446584939,2
3.48754,9,11.583333,11.583333,3,0,1,32,0,0,.5302977232924694,1
3.3367169,15,5.1666665,1.5,3,0,1,31,0,0,.5302977232924694,1
3.2261751,10,6.6666665,2.75,3,0,1,27,0,0,1.060595446584939,1
3.5267606,10.5,9.75,1.5,3,0,1,32,0,0,.5302977232924694,1
3.6316402,10.5,24.166666,7.8333335,3,0,1,45,0,0,1.060595446584939,3
3.7186515,17.5,11.583333,3.5,3,0,1,38,1,0,1.060595446584939,2
3.4383497,10.5,32.166668,16.75,3,0,1,52,0,0,1.060595446584939,1
3.3131864,10.5,43.25,33.166668,3,0,1,62,0,0,1.060595446584939,2
3.53633,10.5,33.083332,12.666667,3,0,1,52,0,0,1.060595446584939,2
3.495508,12.5,15.416667,.33333334,3,0,1,35,3,0,1.060595446584939,2
3.7986944,10.5,10.666667,5.8333335,3,0,1,39,0,0,.5302977232924694,3
3.3131864,9,30.166666,12.166667,3,1,1,48,0,1,.5302977232924694,1
3.2643964,10.5,28.916666,7.3333335,3,0,1,48,0,0,1.060595446584939,2
3.53633,12,8.875,3.3333333,3,1,1,38,1,1,1.060595446584939,2
2.9057682,10.5,.83333331,.83333331,3,0,1,19,0,0,1.590893169877408,1
3.6008685,12,11.083333,2.8333333,3,0,1,37,1,0,1.060595446584939,2
4.101644,10.5,10.333333,3.25,3,0,1,32,0,0,.5302977232924694,1
3.2390785,12,6.8333335,.5,3,0,1,28,0,0,1.060595446584939,1
3.6496587,10.5,9.333333,7.25,3,0,1,33,0,0,1.060595446584939,2
3.8096235,10.5,28.083334,10.083333,3,0,1,54,0,0,1.060595446584939,3
3.0653503,10.5,.083333336,.083333336,3,0,1,20,0,0,2.121190893169878,1
3.7263737,10.5,31.083334,16.5,3,0,1,48,0,0,1.060595446584939,2
3.5318756,12.5,12.166667,11.166667,3,0,1,31,1,0,1.060595446584939,2
3.4438066,10.5,3.0833333,11.416667,3,0,1,38,1,1,1.060595446584939,2
3.1174419,10.5,1.5833334,.66666669,3,0,1,24,0,0,.5302977232924694,1
3.2222147,12.5,1.75,2.5833333,3,0,1,27,0,0,1.060595446584939,2
3.7727189,10.5,12.333333,28.916666,3,0,1,60,0,0,1.060595446584939,2
3.5116374,10.5,11.416667,10.166667,3,0,1,37,1,1,1.060595446584939,2
1.9268922,9,3.8333333,3.8333333,3,0,1,20,0,0,1.590893169877408,1
3.5028226,10.5,2.6666667,23,3,0,1,44,0,0,2.121190893169878,2
1.8078889,9,0,0,3,0,1,21,0,0,2.121190893169878,1
3.1665831,12,3.1666667,0,3,0,1,26,0,0,1.060595446584939,1
1.8850776,9,3.6666667,3.6666667,3,0,1,19,0,0,1.060595446584939,1
3.2390785,10.5,4,4,3,0,1,24,0,0,.5302977232924694,1
4.1341672,10.5,27.208334,7.1666665,3,0,1,53,0,0,.5302977232924694,3
3.289089,10.5,7.5,3.3333333,3,1,1,27,0,0,.5302977232924694,1
3.53633,10.5,4.0833335,1.5,3,1,1,26,1,0,1.060595446584939,2
3.1506677,10.5,4.4166665,4.4166665,3,0,1,26,0,0,1.060595446584939,2
3.0900428,10.5,2.0833333,2.0833333,3,0,1,22,0,0,.5302977232924694,1
3.1365631,12,2.5,.083333336,3,0,1,24,0,0,.5302977232924694,1
3.3131864,10,22.458334,12.25,3,1,1,44,0,0,.5302977232924694,1
3.4021339,10.5,4.9166665,4.9166665,3,0,1,27,0,0,.5302977232924694,1
3.824012,12,24.083334,24.083334,3,0,1,45,0,1,1.060595446584939,2
2.6845779,17.5,18.916666,6.5833335,3,1,1,55,0,0,1.060595446584939,2
3.1969268,10.5,6.1666665,3,3,0,1,25,0,0,2.121190893169878,1
3.5573835,12,13.083333,7.5833335,3,0,1,34,1,0,1.060595446584939,2
3.6778297,12,3,5.25,3,0,1,31,0,0,1.060595446584939,2
3.2078259,12,10.166667,2.5833333,3,0,1,30,0,0,1.060595446584939,1
3.6008685,10.5,11.166667,5.1666665,3,1,1,40,0,2,1.060595446584939,3
3.53633,10.5,28.166666,7.3333335,3,0,1,47,0,0,1.060595446584939,3
3.2441936,10.5,24.416666,9.333333,3,0,1,42,0,0,.5302977232924694,1
3.3540084,10.5,2.6666667,1.5833334,3,0,1,29,0,0,.5302977232924694,1
3.5323219,10.5,33.333332,9.333333,3,0,1,54,0,0,1.060595446584939,2
3.0143311,10.5,12,1.9166666,3,0,1,33,1,0,1.060595446584939,1
3.9417951,12,16.916666,16.916666,3,0,1,39,0,0,1.060595446584939,2
3.7904553,12,13.166667,4.0833335,3,0,1,56,0,1,1.060595446584939,2
3.3131864,10.5,3.75,1.5,3,0,1,27,0,0,.5302977232924694,1
3.1125157,15,1.7083334,3.3333333,3,0,1,29,0,0,.5302977232924694,1
3.6359599,10.5,11.666667,1.5833334,3,0,1,31,2,0,1.060595446584939,2
3.7499042,10.5,7.5833335,1.5,3,0,1,28,0,0,1.590893169877408,1
3.58285,10.5,13.166667,8.166667,3,0,1,34,1,0,1.060595446584939,2
3.3791444,10.5,5.75,3.25,3,0,1,26,0,0,1.060595446584939,1
3.1308649,10.5,17.958334,13.25,3,1,1,58,0,0,.5302977232924694,2
3.5600467,10.5,4.0416665,1.75,3,1,1,29,0,0,1.060595446584939,1
3.3329892,12,32.083332,12,3,0,1,50,0,0,.5302977232924694,3
4.0063338,12,10.416667,4.1666665,3,0,1,33,0,1,1.060595446584939,2
3.7040527,10.5,22.25,1.5,3,1,1,40,0,0,.5302977232924694,1
3.8464849,12,21.25,5.0833335,3,0,1,39,0,3,1.060595446584939,2
3.4628086,12,22.166666,15.666667,3,0,1,43,0,0,1.060595446584939,2
2.8668995,10.5,.70833331,.66666669,3,0,1,22,0,0,1.060595446584939,1
3.4185469,10.5,38.916668,38.916668,3,1,1,57,0,0,.5302977232924694,3
2.9977283,9,20.75,2.8333333,3,1,1,42,0,0,.5302977232924694,1
2.897671,12.5,11.5,2.8333333,3,1,1,35,1,0,1.060595446584939,2
3.3131864,10.5,8.416667,.083333336,3,1,1,38,0,1,1.060595446584939,2
2.3098843,9,.25,.25,3,1,1,20,0,0,1.590893169877408,1
3.5403221,10.5,16.166666,6.3333335,3,1,1,37,1,0,1.060595446584939,2
3.5138571,10.5,12.208333,10,3,1,1,40,0,1,1.060595446584939,2
3.3597064,10.5,4.25,.83333331,3,1,1,35,0,2,1.060595446584939,2
2.9565115,10.5,2.3333333,2.3333333,3,1,1,21,0,0,1.060595446584939,1
3.4021339,10.5,6.25,2.5833333,3,1,1,29,0,0,1.060595446584939,1
3.6496587,10.5,26.083334,23.5,3,1,1,57,0,0,1.060595446584939,2
3.3367169,10.5,16.666666,9,3,1,1,36,0,0,.5302977232924694,3
3.0449226,10.5,16.291666,2.9166667,3,1,1,51,0,0,.5302977232924694,3
3.1506677,10.5,2.0833333,2.0833333,3,1,1,21,0,0,1.590893169877408,1
3.2618933,10.5,8.666667,8.666667,3,1,1,28,0,0,.5302977232924694,1
3.1259749,12,3.8333333,2.25,3,1,1,25,0,0,.5302977232924694,1
4.8273144,12,6.9583335,.66666669,3,1,1,36,2,0,1.060595446584939,2
3.5851202,12,24,12.5,3,1,1,53,0,0,.5302977232924694,1
3.4309695,10.5,11.958333,2.9166667,3,1,1,34,2,0,1.060595446584939,2
3.0255044,10.5,19.416666,.083333336,3,0,1,38,0,0,1.060595446584939,1
2.683327,10.5,1,2.3333333,3,0,1,27,0,0,.5302977232924694,1
2.8738198,10.5,2,2,3,1,1,20,0,0,1.590893169877408,1
3.1308649,12.5,4.3333335,1.4166666,3,1,1,46,0,0,2.121190893169878,3
3.5138571,10.5,15.791667,.083333336,3,1,1,38,1,0,1.060595446584939,2
3.1472013,12,10.041667,.16666667,3,1,1,31,1,0,1.060595446584939,2
4.2294774,10.5,26.75,11.666667,3,1,1,45,0,0,.5302977232924694,1
3.2078259,9,15.625,4.5,3,1,1,47,0,0,.5302977232924694,3
1.280265,9,0,0,3,1,1,19,0,0,2.121190893169878,1
3.1340599,10.5,9.666667,1.6666666,3,1,1,46,0,0,1.060595446584939,2
1.5904199,5,0,0,3,0,1,18,0,0,1.590893169877408,1
3.6809113,15,8.166667,6.8333335,3,0,1,36,2,2,1.060595446584939,2
3.3872945,10.5,15,12.583333,3,1,1,36,2,0,1.060595446584939,2
3.1441102,10.5,1.9166666,.83333331,3,1,1,27,0,0,2.121190893169878,1
3.3131864,10.5,3.2083333,6.4166665,3,1,1,47,0,0,1.060595446584939,2
3.4309695,12,9.958333,5.0833335,3,1,1,34,0,0,.5302977232924694,1
3.4503877,10.5,6.6666665,1.4166666,3,0,1,34,1,0,.5302977232924694,1
4.0063338,10.5,7.7916665,4,3,1,1,42,0,1,.5302977232924694,3
3.3566716,10.5,7,2.75,3,1,1,49,0,0,1.060595446584939,3
3.8857057,12.5,28.916666,19.75,3,1,1,45,0,0,1.590893169877408,1
3.9009731,12.5,8.333333,2.4166667,3,1,1,38,0,0,.5302977232924694,1
2.7070508,10.5,8.166667,6.3333335,3,1,1,41,0,3,1.060595446584939,2
1.4380455,5,1.0833334,.58333331,3,1,1,18,0,0,1.590893169877408,1
3.2408659,10.5,5.8333335,5.8333335,3,1,1,28,0,0,1.060595446584939,1
3.6645844,10.5,11.666667,9.416667,3,1,1,38,1,1,.5302977232924694,3
3.2178764,12,6.0833335,3.75,3,0,1,33,0,0,.5302977232924694,1
3.3702755,10.5,22.458334,5.5,3,1,1,48,0,1,1.590893169877408,2
3.7186515,9,12.333333,14.583333,3,1,1,43,1,2,1.060595446584939,2
3.2878687,12,1.375,.41666666,3,1,1,23,0,0,1.060595446584939,1
3.6008685,10.5,5.25,5.0833335,3,1,1,35,0,2,1.060595446584939,1
3.237679,15,4.9166665,.16666667,3,0,1,29,0,0,.5302977232924694,1
3.4751353,12,5.9166665,0,3,1,1,34,0,0,1.060595446584939,1
3.7485046,10.5,3.625,6.5833335,3,1,1,32,0,3,1.060595446584939,2
3.2643964,10.5,11.666667,6.3333335,3,1,1,39,0,3,1.060595446584939,2
3.2884939,9,10,2,3,1,1,35,0,0,.5302977232924694,3
3.3131864,10.5,18,1.0833334,3,1,1,52,0,0,1.060595446584939,2
3.2643964,10.5,17.166666,3.6666667,3,1,1,33,0,0,.5302977232924694,1
3.2235744,9,22.625,.75,3,1,1,46,0,0,.5302977232924694,3
3.0767977,12,5.625,1.75,3,1,1,48,0,0,.5302977232924694,3
3.2591193,10.5,6.8333335,6.8333335,3,1,1,29,0,0,1.060595446584939,1
3.5495753,10.5,13.541667,7.4166665,3,1,1,38,0,1,.5302977232924694,3
3.2131031,12.5,3.9166667,7.8333335,3,1,1,28,0,0,1.060595446584939,2
3.289089,10.5,2.0833333,2.0833333,3,1,1,23,0,0,.5302977232924694,1
3.1954036,10.5,9.083333,2.3333333,3,1,1,30,0,0,.5302977232924694,1
3.229805,10.5,9.041667,.41666666,3,1,1,49,0,0,1.060595446584939,2
3.1308649,12,5.125,1,3,1,1,40,0,2,1.060595446584939,2
3.4041584,10.5,8.625,15.916667,3,1,1,45,0,0,1.590893169877408,3
3.495508,10.5,10.333333,9,3,1,1,39,0,3,1.060595446584939,2
3.3413575,10.5,22.125,10.416667,3,1,1,54,0,0,.5302977232924694,1
3.3777251,10.5,5.5,6.25,3,1,1,29,0,0,1.060595446584939,2
3.2643964,10.5,3.3333333,2.6666667,3,1,1,25,0,0,1.060595446584939,1
2.0139036,10.5,6.3333335,3.3333333,3,1,1,31,0,0,.5302977232924694,1
3.53633,12,4.9166665,.83333331,3,1,1,35,2,0,1.060595446584939,2
1.9268922,9,2.5833333,.91666669,3,1,1,20,0,0,1.590893169877408,1
3.495508,10.5,11.791667,3.75,3,1,1,34,0,1,.5302977232924694,1
2.9077213,10.5,2.0833333,.33333334,3,1,1,22,0,0,1.060595446584939,1
3.8096235,15,2.5833333,30.25,3,1,1,55,0,0,.5302977232924694,1
2.8685007,12,34.916668,34.916668,3,1,1,55,0,0,1.590893169877408,2
3.5138571,10.5,6.0833335,7.3333335,3,1,1,32,2,2,1.060595446584939,2
3.7186515,10.5,16.5,11.25,3,1,1,37,0,2,1.060595446584939,2
3.6614933,10.5,8.416667,18.5,3,1,1,52,0,0,.5302977232924694,1
3.566967,9,3.25,11.583333,3,1,1,37,0,0,.5302977232924694,1
3.2131031,10.5,4.6666665,.41666666,3,1,1,26,0,0,1.060595446584939,1
3.2921331,10.5,16.25,5,3,1,1,57,0,0,.5302977232924694,3
3.4423983,15,3.2916667,.75,3,1,1,30,0,0,.5302977232924694,1
3.0412529,10.5,7.6666665,3,3,1,1,28,0,0,.5302977232924694,1
4.0063338,10.5,7.0416665,3.0833333,3,1,1,38,0,1,.5302977232924694,3
2.9767144,10.5,2.3333333,.83333331,3,1,1,27,0,0,.5302977232924694,1
1.1731204,10.5,4.875,2.5833333,3,1,1,38,0,2,1.060595446584939,2
4.0260382,11.5,12.083333,8.166667,3,1,1,62,0,0,.5302977232924694,3
3.5600467,10.5,22.166666,14.5,3,1,1,46,0,0,.5302977232924694,2
3.7186515,10.5,7.0833335,12,3,1,1,53,0,0,.5302977232924694,3
3.1796551,10.5,10.75,6.1666665,3,1,1,33,0,0,1.060595446584939,1
3.2486479,10.5,18.291666,16.25,3,1,1,47,0,1,1.060595446584939,2
3.7344,12,34.083332,7,3,1,1,55,0,0,1.060595446584939,1
3.3131864,10.5,18.25,12.833333,3,1,1,47,0,0,.5302977232924694,1
3.289089,12,7.5833335,6.8333335,3,1,1,28,0,0,1.060595446584939,2
3.3131864,10.5,4.6666665,5.8333335,3,1,1,30,3,0,1.060595446584939,2
2.2600367,11.5,0,0,3,1,1,21,0,0,1.590893169877408,1
3.4656551,9,11.875,2.5,3,1,1,43,0,0,.5302977232924694,1
3.4185469,10.5,30.583334,30,3,1,1,52,0,0,1.060595446584939,2
3.3146141,10.5,9.75,8.75,3,1,1,29,0,0,.5302977232924694,1
3.2951679,17.5,6,6,3,1,1,40,0,0,.5302977232924694,1
3.6809113,11.5,20.458334,14.166667,3,1,1,42,0,0,.5302977232924694,1
3.6008685,12.5,13.875,9.083333,3,1,1,39,1,0,1.060595446584939,2
4.5801339,12.5,10.333333,5,3,1,1,36,1,1,.5302977232924694,3
3.7387383,17.5,0,27.666666,3,1,1,49,0,0,2.121190893169878,2
4.0063338,12.5,12.666667,.83333331,3,1,1,40,0,1,.5302977232924694,3
4.3836279,12.5,18.666666,14.083333,3,1,1,52,0,0,1.590893169877408,2
3.3116469,12.5,7.1666665,7.1666665,3,1,1,32,0,0,1.060595446584939,2
3.967113,17.5,26.5,.083333336,3,1,1,56,0,0,1.590893169877408,3
3.8438148,12.5,4.1666665,5.75,3,1,1,32,0,0,.5302977232924694,1
3.6206713,17.5,26.166666,22.166666,3,1,1,52,0,0,.5302977232924694,1
4.173388,12.5,13.708333,12.25,3,1,1,44,1,2,1.060595446584939,2
3.824012,12.5,19.75,19.75,3,1,1,41,0,1,1.060595446584939,2
3.8372574,12.5,30.166666,.083333336,3,0,1,52,0,0,1.060595446584939,2
3.5561328,12.5,6.75,4.75,3,1,1,28,0,0,.5302977232924694,1
3.5267606,12.5,7.0833335,7.0833335,3,0,1,27,0,0,1.060595446584939,1
2.4377177,12.5,13.666667,9.333333,3,1,1,46,0,1,1.060595446584939,2
3.4379575,12.5,5.9166665,3.9166667,3,0,1,28,0,0,1.060595446584939,2
3.5908182,12.5,21.916666,12,3,1,1,43,0,0,.5302977232924694,1
3.3619766,12.5,.91666669,1.8333334,3,1,1,23,0,0,.5302977232924694,1
3.5645008,12.5,11.916667,11.916667,3,1,1,33,0,0,.5302977232924694,1
3.8728023,17.5,22.666666,13.75,3,0,1,45,0,2,.5302977232924694,1
3.7186515,12.5,11.708333,7.25,3,1,1,51,0,0,1.590893169877408,2
3.3031361,12.5,1.75,1.75,3,1,1,24,0,0,.5302977232924694,1
3.9009731,17.5,.083333336,.16666667,3,1,1,25,0,0,1.060595446584939,1
3.6008685,12.5,12.791667,12.25,3,0,1,33,2,0,1.060595446584939,2
4.0063338,12.5,27.916666,21.416666,3,1,1,50,0,0,2.121190893169878,2
3.267724,12.5,.83333331,.83333331,3,1,1,21,0,0,2.121190893169878,1
3.48754,12,33.958332,27.083334,3,0,1,57,0,0,1.060595446584939,2
3.5065579,17.5,3.7083333,5.3333335,3,1,1,35,0,0,1.060595446584939,3
3.7267489,12.5,19,18.083334,3,1,1,40,0,0,.5302977232924694,1
3.049221,12.5,24.25,16.333334,3,1,1,57,0,0,1.060595446584939,2
3.495508,17.5,5.0833335,2.1666667,3,0,1,30,1,0,.5302977232924694,1
3.1308649,12.5,9.666667,9.166667,3,1,1,42,0,1,1.060595446584939,2
3.4917974,12.5,5.8333335,5.8333335,3,0,1,29,0,0,1.060595446584939,2
3.824012,12.5,17.583334,16.833334,3,0,1,38,2,0,1.060595446584939,2
3.495508,12.5,10.5,12.666667,3,1,1,36,0,4,1.060595446584939,2
3.777492,12.5,13.666667,13.333333,3,0,1,34,1,1,1.060595446584939,2
3.3367169,12.5,1,1,3,1,1,24,0,0,.5302977232924694,1
3.6058562,12.5,14,.75,3,1,1,38,0,0,.5302977232924694,1
3.6073475,17.5,9.333333,18.666666,3,1,1,48,0,1,.5302977232924694,3
3.3131864,12.5,11.458333,5.8333335,3,1,1,59,0,0,1.060595446584939,2
3.4185469,17.5,3.0416667,1.4166666,3,0,1,44,0,2,1.060595446584939,2
3.446718,17.5,8.458333,6.25,3,1,1,46,0,1,1.060595446584939,2
3.78319,12,21.666666,18.416666,3,0,1,44,0,1,1.060595446584939,2
3.7594736,12.5,12.083333,10.166667,3,1,1,43,0,1,1.060595446584939,2
3.7112167,12.5,18.083334,18.083334,3,0,1,40,1,1,1.060595446584939,2
3.4383497,12,15.833333,3.5833333,3,1,1,34,0,0,.5302977232924694,1
1.7643732,11.5,.91666669,0,3,1,1,18,0,0,1.590893169877408,1
3.7186515,12.5,2.5,5,3,1,1,25,0,0,1.060595446584939,2
3.373811,12,2.8333333,2.8333333,3,1,1,23,0,0,.5302977232924694,1
3.0387497,10.5,.83333331,.083333336,3,0,1,19,0,0,1.590893169877408,1
3.4410198,10.5,10.25,1.6666666,3,1,1,33,2,0,1.060595446584939,2
4.0471559,12.5,11.916667,7.8333335,3,1,1,44,0,2,1.060595446584939,2
3.6065342,12.5,2.5,3,3,1,1,20,0,0,1.590893169877408,1
2.7741899,10,5.3333335,2.8333333,3,1,1,43,0,0,2.121190893169878,2
3.235225,12,1.75,2.0833333,3,1,1,27,0,0,.5302977232924694,1
3.5339272,9,14.875,8.666667,3,1,1,53,0,0,.5302977232924694,3
3.4309695,12.5,.54166669,1.0833334,3,1,1,35,0,2,1.060595446584939,2
3.7651718,11.5,18.833334,11.833333,3,1,1,54,0,0,1.590893169877408,3
3.78319,12.5,0,7.0833335,3,1,1,26,0,0,.5302977232924694,1
3.7727189,12.5,3.3333333,3.3333333,3,1,1,25,0,0,.5302977232924694,1
3.0663264,12,12.75,3,3,1,1,38,0,1,1.060595446584939,2
4.1299477,12,22.416666,19.25,3,1,1,46,0,0,.5302977232924694,1
3.9388924,12.5,9.25,9,3,1,1,32,0,0,.5302977232924694,3
3.8105891,12.5,23.666666,17.833334,3,1,1,54,0,0,1.060595446584939,2
3.7387383,12.5,3.25,6.0833335,3,1,1,28,0,0,.5302977232924694,1
2.8577108,10.5,6.875,.83333331,3,1,1,28,0,0,1.060595446584939,1
3.1590359,17.5,24.416666,21.75,3,0,1,48,1,2,1.060595446584939,2
3.6760919,12,4.125,.41666666,3,0,1,33,2,0,1.060595446584939,2
3.53633,17.5,5.5,1,3,1,1,36,2,0,1.060595446584939,2
3.1590359,15,6.9166665,5.6666665,3,0,1,28,0,0,1.060595446584939,2
3.824012,10.5,9.708333,3.75,3,1,1,40,1,1,1.060595446584939,2
3.7370007,11.5,15.041667,10.083333,3,1,1,56,0,0,.5302977232924694,3
3.4185469,12,5.75,3.25,3,0,1,27,0,0,.5302977232924694,1
3.2618933,9,11.625,.083333336,3,1,1,30,0,0,1.060595446584939,2
3.6847501,11.5,1.875,1.3333334,3,1,1,23,1,0,1.060595446584939,1
3.0435228,15,8.5,.83333331,3,0,1,25,0,0,1.060595446584939,1
3.2178764,12.5,2.9583333,5.9166665,3,0,1,24,0,0,1.590893169877408,1
2.9301941,10.5,10.583333,1.0833334,3,1,1,36,1,0,1.060595446584939,2
3.2078259,12.5,2.125,1.75,3,1,1,27,0,0,1.060595446584939,1
3.1700857,12,19.666666,11.583333,3,1,1,43,0,1,.5302977232924694,3
3.452023,15,7.4166665,6,3,1,1,31,0,0,.5302977232924694,3
4.0471559,12,13.75,18.666666,3,0,1,51,0,0,.5302977232924694,3
3.8086777,10.5,6,35.083332,3,0,1,59,0,0,1.590893169877408,2
3.7009521,17.5,9.458333,1.5833334,3,1,1,29,0,0,1.060595446584939,1
3.3439581,10.5,9.166667,8.25,3,1,1,36,0,0,1.060595446584939,2
3.5138571,10,15.5,2.1666667,3,1,1,42,0,0,.5302977232924694,1
3.5755508,11.5,12,1.0833334,3,0,1,31,0,0,.5302977232924694,1
3.9672463,10.5,28.708334,7.25,3,0,1,51,0,0,1.060595446584939,2
4.5396323,17.5,7.0833335,29.583334,3,0,1,60,0,0,.5302977232924694,2
3.3932292,10.5,11,6.25,3,0,1,33,0,0,.5302977232924694,1
3.7336895,9,13.083333,16.916666,3,0,1,47,0,2,1.060595446584939,2
4.1635194,17.5,6.0833335,7.5,3,0,1,50,0,0,1.060595446584939,2
2.9947329,10.5,0,0,3,0,1,22,0,0,1.590893169877408,1
3.5138571,10.5,8.166667,4.4166665,3,0,1,31,0,0,.5302977232924694,1
3.375062,12,36.166668,19.416666,3,0,1,55,0,0,1.060595446584939,1
2.4922061,12,11.666667,7.5833335,3,1,1,32,0,0,.5302977232924694,1
3.0508223,10.5,13.166667,10,3,1,1,41,0,3,1.060595446584939,2
4.4481664,17.5,7.6666665,1.3333334,3,0,1,53,0,0,2.121190893169878,2
3.6163728,10.5,16.333334,2.8333333,3,0,1,37,0,0,.5302977232924694,1
4.2686982,17.5,3.6666667,3.5833333,3,0,1,33,0,0,.5302977232924694,1
3.58285,9.75,23.083334,7.5,3,0,1,39,2,0,1.060595446584939,2
2.8431828,10.5,9.833333,.91666669,3,0,1,29,0,0,1.060595446584939,2
4.2111282,12,19.416666,8.583333,3,0,1,52,0,0,1.060595446584939,2
3.9110236,12,8.166667,17.083334,3,0,1,49,0,1,1.060595446584939,2
3.0210502,10,15.583333,9.583333,3,1,1,33,0,0,1.060595446584939,2
3.5908182,10.5,11.083333,2.6666667,3,1,1,31,0,0,.5302977232924694,1
3.7550192,17.5,8.666667,.25,3,0,1,37,1,0,1.060595446584939,2
3.2739658,12,7.3333335,7.3333335,3,0,1,28,0,0,.5302977232924694,1
3.8565214,10.5,32.333332,23.25,3,0,1,52,0,1,1.590893169877408,2
3.8450656,12,4.0833335,2.25,3,0,1,34,0,0,.5302977232924694,1
3.257097,11.5,5.4166665,2.5,3,1,1,27,0,0,.5302977232924694,1
3.4438066,12,26.583334,9.5,3,0,1,47,0,0,1.060595446584939,3
3.8481097,12,22.916666,17.166666,3,1,1,44,0,0,.5302977232924694,1
3.8885508,10.5,26.083334,.83333331,3,0,1,45,0,2,1.590893169877408,2
3.1308649,12.5,0,0,3,1,1,24,0,0,2.651488616462347,1
3.4562874,10.5,5.7083335,.083333336,3,1,1,29,1,0,1.060595446584939,2
3.0508223,10.5,12.166667,3,3,1,1,33,1,0,1.060595446584939,2
2.5247293,10.5,14.25,10.333333,3,1,1,42,0,3,1.060595446584939,2
3.8617525,12,6.0833335,11.083333,3,0,1,53,0,0,1.060595446584939,2
3.3131864,12,37,7.5,3,0,1,57,0,0,.5302977232924694,3
3.5458088,12.5,7.9166665,6.8333335,3,1,1,32,0,0,1.060595446584939,2
3.4616065,15,2.6666667,1.6666666,3,0,1,31,0,0,1.060595446584939,2
3.3795092,10.5,15.083333,1.8333334,3,0,1,53,0,1,1.060595446584939,2
3.2576168,10.5,1.25,1.25,3,1,1,18,0,0,2.121190893169878,1
3.3351655,10.5,26.166666,13.833333,3,0,1,46,0,0,1.060595446584939,2
4.5171595,17.5,15.583333,2.25,3,1,1,43,0,0,.5302977232924694,3
3.68788,12,34.083332,9.833333,3,0,1,53,0,0,1.590893169877408,2
3.0900428,10,11.75,1.8333334,3,0,1,33,1,0,1.060595446584939,3
4.411799,17.5,9,8.25,3,0,1,42,1,0,1.060595446584939,2
3.138833,10.5,1.1666666,.41666666,3,0,1,21,0,0,2.121190893169878,1
3.495508,12,18,17,3,1,1,37,0,0,1.060595446584939,2
3.4185469,17.5,18.416666,8.333333,3,0,1,49,0,0,1.060595446584939,1
3.5409703,10.5,32.083332,18.5,3,0,1,51,0,0,.5302977232924694,1
3.9340131,17.5,5.5833335,.5,3,0,1,34,0,0,.5302977232924694,1
3.8728023,10.5,8.833333,2.0833333,3,0,1,32,0,0,1.060595446584939,2
3.6496587,10.5,28.166666,26.083334,3,0,1,47,0,0,.5302977232924694,3
3.7937722,12,35.166668,15.416667,3,0,1,58,0,0,.5302977232924694,3
3.4442148,10.5,32.083332,2.25,3,0,1,52,0,0,1.590893169877408,3
3.5908182,12,33.75,18.5,3,0,1,52,0,0,1.590893169877408,2
4.5292439,17.5,38.333332,38.333332,3,0,1,54,0,0,1.060595446584939,2
3.1308649,10.5,14.583333,17.166666,3,0,1,52,0,0,.5302977232924694,3
3.5908182,12,26.5,3.9166667,3,0,1,58,0,0,.5302977232924694,1
3.3131864,10.5,21.166666,19.583334,3,1,1,56,0,0,.5302977232924694,3
3.0255044,10.5,10.125,.083333336,3,1,1,48,0,0,1.060595446584939,2
4.0063338,12,15.083333,19.166666,3,0,1,53,0,0,1.060595446584939,2
3.2026446,10.5,7.9166665,1.3333334,3,1,1,29,0,0,.5302977232924694,1
3.2178764,17.5,3.7916667,.41666666,3,1,1,28,0,0,.5302977232924694,1
3.5222783,10.5,7.6666665,4.8333335,3,0,1,34,0,0,1.060595446584939,2
3.495508,12.5,13.166667,10.666667,3,0,1,33,2,0,1.060595446584939,2
3.3346927,10.5,15.916667,4.25,3,0,1,33,0,0,.5302977232924694,1
4.1398649,10.5,8.166667,6.9166665,3,0,1,38,0,0,1.060595446584939,1
3.2441936,10.5,28.25,3.5,3,1,1,52,0,0,.5302977232924694,3
4.0063338,12,14.916667,11.166667,3,0,1,45,0,2,1.060595446584939,2
3.3983443,10.5,4,2.4166667,3,0,1,26,0,0,.5302977232924694,1
2.9565115,10.5,2.8333333,.75,3,0,1,26,0,0,.5302977232924694,1
3.3131864,10.5,8.666667,21.666666,3,1,1,54,0,0,1.060595446584939,2
3.1377504,12,2.25,19.333334,3,0,1,42,0,0,.5302977232924694,1
3.2457452,10.5,22.166666,2.5,3,0,1,40,0,0,1.060595446584939,2
4.7656326,10.5,49.166668,36.166668,3,0,1,62,0,0,1.060595446584939,2
3.0675702,17.5,2.75,2.75,3,1,1,25,0,0,1.060595446584939,1
3.53633,17.5,2.3333333,3,3,1,1,29,0,0,.5302977232924694,1
2.9531839,10.5,1.5,.25,3,1,1,22,0,0,1.590893169877408,1
3.8056629,10.5,10.833333,3.5,3,0,1,29,0,0,1.060595446584939,2
3.6561313,10.5,20.416666,1.1666666,3,1,1,52,0,0,1.590893169877408,2
3.4185469,10.5,10.375,15.75,3,1,1,47,0,0,1.060595446584939,2
3.5024285,17.5,7.5,1.9166666,3,1,1,33,0,0,.5302977232924694,1
3.6589324,10.5,23.25,14.416667,3,0,1,42,0,1,1.060595446584939,2
1.4239717,9,2.8333333,2.8333333,3,1,1,19,0,0,1.590893169877408,1
3.495508,10.5,6.2083335,1.0833334,3,1,1,32,1,0,1.060595446584939,2
3.6374261,12,18.166666,13.333333,3,0,1,36,1,1,1.060595446584939,2
3.4673371,12,25,4,3,0,1,52,0,0,.5302977232924694,3
3.3131864,9.75,28.833334,8.833333,3,0,1,46,0,1,1.060595446584939,2
3.1700857,12,10.416667,7.3333335,3,1,1,31,0,0,.5302977232924694,1
3.2929838,10.5,12.333333,2.5833333,3,1,1,33,0,0,1.060595446584939,2
3.0900428,12.5,12.083333,1,3,1,1,33,0,1,.5302977232924694,3
3.6463308,10.5,25.166666,3.8333333,3,0,1,44,0,2,1.060595446584939,2
3.2078259,10.5,3.75,1,3,0,1,26,0,0,.5302977232924694,1
3.1461325,10.5,14.666667,11.583333,3,1,1,52,0,0,.5302977232924694,3
3.3597064,10.5,18.166666,2,3,1,1,37,0,0,1.060595446584939,2
3.8665717,17.5,9.541667,7.3333335,3,1,1,56,0,0,1.060595446584939,2
3.4673371,10.5,28.083334,16.333334,3,0,1,50,0,1,1.060595446584939,2
3.1308649,10.5,17.083334,5.5,3,1,1,43,0,0,1.060595446584939,2
3.8930051,10.5,12.666667,5.4166665,3,0,1,38,0,0,1.060595446584939,2
3.4850368,10.5,12.875,.083333336,3,1,1,32,1,0,1.060595446584939,2
3.5561328,10.5,33.25,21,3,0,1,55,0,0,.5302977232924694,3
3.5458088,9,27.25,25.166666,3,0,1,47,0,0,1.060595446584939,2
3.9843547,15,1.0833334,34.916668,3,0,1,59,0,0,1.060595446584939,2
3.2078259,5,22,.25,3,1,1,50,0,0,1.060595446584939,3
3.4084966,12,20.166666,4.3333335,3,1,1,39,0,0,1.060595446584939,2
3.8381968,10.5,6.0833335,13.25,3,0,1,40,0,2,1.060595446584939,2
3.5593195,10.5,22.083334,7.0833335,3,1,1,43,0,0,.5302977232924694,1
3.3566716,10.5,7.75,7.3333335,3,1,1,26,0,0,1.060595446584939,1
3.8597302,10,26.166666,19.666666,3,1,1,55,0,0,.5302977232924694,3
3.7764816,12,17.666666,4.0833335,3,0,1,52,1,2,1.060595446584939,2
3.3131864,5,.083333336,.16666667,3,0,1,18,0,0,1.590893169877408,1
3.9009731,10.5,31.916666,18.75,3,0,1,52,0,0,1.060595446584939,3
3.53633,15,6.3333335,2.75,3,0,1,36,0,0,1.060595446584939,1
3.2222147,10.5,30,8.416667,3,0,1,50,0,0,.5302977232924694,1
3.7550192,10.5,23.75,21.583334,3,0,1,43,0,0,1.060595446584939,2
3.373811,12.5,8.291667,11.916667,3,1,1,46,1,0,1.060595446584939,2
3.9110236,10.5,22.583334,9.666667,3,0,1,43,1,1,1.060595446584939,2
2.8431828,10.5,17.458334,24.416666,3,1,1,61,0,0,.5302977232924694,3
2.1345315,17.5,7,7,3,0,1,32,0,0,.5302977232924694,1
3.7594736,10,21.833334,21.333334,3,1,1,59,0,0,.5302977232924694,3
3.6628604,10.5,33.916668,24.083334,3,0,1,54,0,0,1.590893169877408,2
3.2441936,10.5,12,5.6666665,3,1,1,36,0,3,1.060595446584939,2
3.5600467,12,12.458333,1.0833334,3,1,1,32,1,0,1.060595446584939,1
3.7318969,10.5,10.5,17.333334,3,1,1,46,0,0,1.060595446584939,3
3.5495753,12.5,0,0,3,0,1,26,0,0,.5302977232924694,1
3.4033377,10.5,22.5,12.25,3,1,1,61,0,0,.5302977232924694,1
3.6760919,10.5,14.25,3.6666667,3,1,1,36,1,0,.5302977232924694,3
3.4497621,10.5,32.416668,17.416666,3,1,1,59,0,0,.5302977232924694,3
3.4978201,10.5,20.25,6.8333335,3,1,1,40,1,0,1.060595446584939,2
4.0786543,12,4.0833335,.33333334,3,1,1,28,0,0,.5302977232924694,1
3.7186515,17.5,4.9166665,2.9166667,3,1,1,31,1,0,1.060595446584939,2
3.6124294,12,33.166668,2.1666667,3,0,1,51,0,0,.5302977232924694,1
3.1918256,9,18.416666,.83333331,3,1,1,38,0,0,.5302977232924694,1
3.5195229,12,16.416666,5.25,3,0,1,35,0,0,.5302977232924694,1
3.6698616,10.5,38.416668,35.25,3,0,1,57,0,0,.5302977232924694,3
3.5908182,10.5,12.625,3.75,3,1,1,51,0,1,1.060595446584939,2
3.0095041,12,1.0833334,1.0833334,3,0,1,22,0,0,1.060595446584939,1
3.4432397,12,10.458333,1.8333334,3,1,1,38,0,0,.5302977232924694,1
3.2178764,10.5,16.958334,13.583333,3,1,1,59,0,0,.5302977232924694,3
3.1853533,10.5,6.0833335,1.6666666,3,1,1,30,0,0,1.060595446584939,1
3.5073426,12,9.833333,9.083333,3,1,1,39,0,0,1.060595446584939,1
3.3131864,12,2.4166667,2,3,0,1,24,0,0,.5302977232924694,1
3.3619766,10.5,19,12.666667,3,0,1,37,1,0,1.060595446584939,2
2.0139036,10.5,11.291667,12.583333,3,1,1,59,0,0,1.060595446584939,2
3.4041584,9,6,2.6666667,3,0,1,27,0,0,.5302977232924694,1
3.4383497,10.5,20.166666,10,3,0,1,38,0,0,.5302977232924694,1
3.6197116,15,11.833333,8.75,3,0,1,36,0,0,.5302977232924694,1
3.2643964,17.5,1.5833334,1.0833334,3,0,1,28,0,0,.5302977232924694,1
1.6188492,9,0,0,3,1,1,18,0,0,2.121190893169878,1
3.6104381,15,8.666667,1.8333334,3,0,1,37,0,0,.5302977232924694,1
3.0529034,10.5,8,4,3,0,1,24,0,0,.5302977232924694,1
3.235225,10.5,22.166666,8.916667,3,1,1,55,0,0,1.060595446584939,2
3.6698616,12.5,35.416668,25.833334,3,0,1,57,0,0,1.060595446584939,2
3.5593195,12.5,4.3333335,2.25,3,0,1,30,2,0,1.060595446584939,2
3.4673371,10.5,4,9.75,3,1,1,33,0,0,1.060595446584939,1
3.0162768,12,18.166666,10.5,3,0,1,48,0,0,.5302977232924694,1
4.2294774,10.5,6.6666665,10,3,1,1,57,0,0,.5302977232924694,3
3.3911481,10.5,20.666666,6.1666665,3,1,1,43,0,1,.5302977232924694,1
3.3714554,10.5,33.75,4.1666665,3,0,1,54,0,0,.5302977232924694,3
3.279285,10.5,10.916667,7.75,3,0,1,34,1,1,1.060595446584939,2
3.1954036,10.5,.91666669,.91666669,3,1,1,22,0,0,1.590893169877408,1
3.6496587,17.5,19.083334,11.25,3,0,1,56,0,0,1.060595446584939,2
3.4802406,12.5,17.25,16.166666,3,1,1,55,0,0,1.590893169877408,2
3.495508,12,10.25,11.166667,4,1,1,35,0,0,1.060595446584939,2
3.8078828,10,30.25,2.8333333,4,1,1,49,0,0,.5302977232924694,1
3.495508,10.5,17.416666,17.416666,4,1,1,42,0,0,1.060595446584939,2
3.9417951,10,34.75,25.416666,4,0,1,54,0,0,1.590893169877408,2
3.9417951,17.5,24.25,16.333334,4,0,1,49,0,0,1.060595446584939,2
3.5593195,10.5,14.833333,1.5,4,0,1,38,0,0,.5302977232924694,3
3.235225,10.5,5.6666665,5.6666665,4,1,1,25,0,0,.5302977232924694,1
4.0288067,12,27.166666,8.333333,4,1,1,50,0,0,.5302977232924694,1
3.4309695,10.5,13.875,19.583334,4,1,1,53,0,0,1.060595446584939,2
3.095463,10.5,26.916666,16.916666,4,0,1,50,0,2,2.121190893169878,2
3.2078259,10.5,5.875,.58333331,4,1,1,39,0,1,1.060595446584939,2
2.6756091,12,26.125,.083333336,4,1,1,54,0,0,1.590893169877408,2
3.1864347,10.5,7.4166665,3.9166667,4,1,1,27,0,0,.5302977232924694,1
3.1426008,11.5,2.4166667,.083333336,4,0,1,23,0,0,1.590893169877408,1
3.2884939,10.5,3.6666667,2.25,4,0,1,23,0,0,1.590893169877408,1
3.3965681,10.5,8.166667,.083333336,4,1,1,27,0,0,.5302977232924694,1
3.1974549,9,26.75,14.916667,4,1,1,53,0,0,1.060595446584939,3
3.3131864,10.5,17.791666,.083333336,4,1,1,42,0,0,.5302977232924694,1
1.2394429,5,.91666669,.16666667,4,1,1,18,0,0,1.590893169877408,1
3.0449226,9,14.333333,7,4,1,1,56,0,0,3.181786339754816,2
3.8930051,10.5,12.25,6,4,1,1,57,0,0,1.060595446584939,3
2.9767144,10.5,.33333334,.33333334,4,1,1,21,0,0,.5302977232924694,1
3.2131031,10.5,9.791667,.083333336,4,1,1,41,0,2,1.060595446584939,2
2.2835672,10.5,6.3333335,1.9166666,4,0,1,23,0,0,1.590893169877408,1
1.6084385,10.5,5.625,4.5833335,4,1,1,39,0,2,1.060595446584939,2
3.400198,10.5,7.6666665,7.6666665,4,1,1,28,0,0,1.060595446584939,2
4.6124697,17.5,8.791667,1.0833334,4,1,1,45,0,0,1.590893169877408,3
4.6603146,12,15.5,2.75,4,1,1,42,0,2,1.060595446584939,2
3.0704069,9,13.5,1,4,1,1,27,0,0,1.060595446584939,2
3.5420282,10.5,27.125,6.4166665,4,1,1,56,0,0,.5302977232924694,3
3.698849,10.5,13.666667,1.5833334,4,1,1,35,0,1,1.060595446584939,2
2.8824036,10.5,5.875,6.0833335,4,1,1,27,0,0,2.121190893169878,1
3.7186515,12,8.083333,11,4,1,1,59,0,0,1.060595446584939,2
3.5116374,10.5,20.75,4.8333335,4,0,1,38,0,0,1.060595446584939,1
3.2131031,9,17.708334,2.3333333,4,1,1,50,0,0,.5302977232924694,3
3.48754,12.5,22.083334,14.666667,4,1,1,44,0,0,.5302977232924694,1
3.6778297,10.5,22.166666,11.916667,4,0,1,39,1,1,1.060595446584939,2
1.5588572,9,0,0,4,1,1,18,0,0,1.590893169877408,1
3.3131864,10.5,9.208333,15.75,4,1,1,45,0,0,2.121190893169878,3
5.2590966,10.5,9.625,8.416667,4,1,1,59,0,0,.5302977232924694,3
3.7096016,10.5,17.166666,23.083334,4,1,1,56,0,0,.5302977232924694,3
3.4179754,9.75,38.166668,14.666667,4,1,1,55,0,0,.5302977232924694,1
3.495508,10,5.2083335,2.0833333,4,1,1,33,1,1,1.060595446584939,2
3.53633,10.5,1.75,.75,4,1,1,43,0,1,.5302977232924694,3
3.2884939,10.5,10.166667,5.8333335,4,0,1,31,0,0,.5302977232924694,1
3.6316402,10.5,9.583333,3.0833333,4,1,1,30,1,0,1.060595446584939,2
3.0255044,10.5,18.166666,14.083333,4,1,1,35,0,0,1.060595446584939,2
3.6698616,12,21.625,20,4,1,1,58,0,0,1.060595446584939,2
3.3131864,12,13.875,17.583334,4,1,1,45,0,1,2.121190893169878,2
3.2178764,10.5,15,3,4,1,1,33,0,0,.5302977232924694,1
3.5318494,10.5,20.375,16.083334,4,1,1,49,0,0,1.060595446584939,2
2.97226,11.5,1.6666666,1.6666666,4,1,1,19,0,0,1.590893169877408,1
3.1432874,12,17.666666,3.75,4,1,1,52,0,1,1.060595446584939,3
3.6007123,10,5,.75,4,1,1,34,1,1,.5302977232924694,3
3.2200961,10,11,1.75,4,1,1,31,0,0,1.060595446584939,3
3.0900428,9,20.833334,35.5,4,1,1,59,0,0,1.060595446584939,2
3.4368005,10,26.833334,10.833333,4,1,1,55,0,0,1.060595446584939,2
3.3619766,10.5,37.5,25.416666,4,1,1,53,0,0,1.060595446584939,2
3.495508,10.5,19.333334,13.5,4,1,1,47,0,0,1.060595446584939,3
3.0255044,10.5,11.125,10.083333,4,1,1,37,1,1,1.060595446584939,2
2.8523712,12,4.1666665,2.1666667,4,1,1,24,0,0,1.060595446584939,1
3.3372841,10.5,5.0416665,10.083333,4,0,1,28,0,0,1.060595446584939,1
2.97226,10.5,.33333334,0,4,1,1,21,0,0,2.121190893169878,1
3.495508,12.5,8.166667,3.6666667,4,1,1,33,0,0,1.060595446584939,2
3.6233413,12,10.666667,10,4,1,1,39,0,0,.5302977232924694,1
3.48754,9,30.833334,24.75,4,1,1,50,0,0,.5302977232924694,3
3.3131864,17.5,4.7083335,4.1666665,4,1,1,42,0,2,1.060595446584939,3
3.5593195,10.5,20.25,1.5,4,0,1,38,0,0,.5302977232924694,1
2.7253997,10.5,5,2.5,4,1,1,29,2,0,1.060595446584939,2
3.2643964,12.5,2.4166667,2.5,4,1,1,26,0,0,1.060595446584939,1
3.9962833,10.5,3.7916667,2,4,1,1,39,0,1,.5302977232924694,3
3.6863906,10,25.916666,5,4,0,1,45,0,0,1.060595446584939,2
3.4529483,10.5,4.25,4.1666665,4,1,1,29,1,0,.5302977232924694,3
3.4062769,12.5,37.583332,8.25,4,1,1,58,0,0,.5302977232924694,1
3.2369223,12,23.916666,.75,4,1,1,49,0,0,1.590893169877408,2
3.3378792,12,18,10.25,4,1,1,41,0,0,.5302977232924694,1
3.1574843,10.5,12.083333,1.8333334,4,1,1,33,0,0,.5302977232924694,1
3.3977439,10,16.625,8.916667,4,1,1,49,0,0,.5302977232924694,3
3.3503261,10.5,16.291666,28.083334,4,1,1,50,0,0,1.060595446584939,2
3.2643964,9,33,8.083333,4,1,1,48,0,0,.5302977232924694,1
3.824012,10.5,21.583334,.66666669,4,1,1,42,0,1,.5302977232924694,3
4.2070045,11.5,13,24.75,4,0,1,56,0,0,1.060595446584939,2
2.9301941,12,.83333331,.83333331,4,0,1,20,0,0,1.590893169877408,1
3.7112167,12,19.333334,19.333334,4,1,1,38,0,0,.5302977232924694,1
2.925421,10.5,.91666669,1.8333334,4,1,1,20,0,0,2.121190893169878,1
3.964395,10.5,19.125,8.833333,4,1,1,61,0,0,1.060595446584939,3
3.5244956,10.5,10,10.166667,4,1,1,54,0,0,1.590893169877408,2
3.2362254,10.5,37.166668,30.083334,4,0,1,56,0,0,1.060595446584939,2
3.7186515,10.5,7.8333335,12.666667,4,0,1,50,0,0,1.060595446584939,2
3.6791208,10.5,21.083334,.083333336,4,0,1,40,0,2,1.060595446584939,2
3.2408659,10.5,10.666667,3.0833333,4,0,1,30,0,0,.5302977232924694,1
3.1548939,10.5,11.666667,2.4166667,4,1,1,32,0,0,1.060595446584939,1
3.4041584,10.5,11.875,2.1666667,4,1,1,37,0,0,1.060595446584939,3
3.7969835,12,6.5833335,16.833334,4,0,1,43,0,2,1.060595446584939,2
3.5138571,10.5,8.458333,3.0833333,4,1,1,37,2,2,1.590893169877408,2
3.5678287,10.5,11.458333,2.9166667,4,1,1,35,0,2,.5302977232924694,3
3.5885985,10.5,38,22.583334,4,0,1,56,0,0,1.060595446584939,2
3.4185469,10.5,17,6.6666665,4,0,1,35,2,0,1.060595446584939,2
3.4802406,10.5,29.083334,5.8333335,4,1,1,49,0,0,.5302977232924694,1
3.6008685,10.5,18.541666,7.4166665,4,0,1,41,0,1,1.060595446584939,2
3.1954036,10.5,18.833334,18.083334,4,1,1,54,0,0,.5302977232924694,3
3.2078259,10.5,33.75,2.1666667,4,0,1,56,0,0,1.060595446584939,3
.90524089,9,3.6666667,2.75,4,0,1,19,0,0,1.590893169877408,1
3.824012,10.5,5.3333335,4.8333335,4,0,1,27,0,0,.5302977232924694,1
3.1405737,11.5,13.75,4.4166665,4,0,1,36,2,0,1.060595446584939,2
3.228287,10.5,7.0833335,2.6666667,4,0,1,28,0,0,.5302977232924694,1
3.2372007,12.5,13.333333,7.5,4,0,1,36,1,1,1.060595446584939,2
3.0387497,10.5,12.041667,2.25,4,1,1,34,1,0,1.060595446584939,2
2.1737523,5,30.583334,30.583334,4,1,1,50,0,0,.5302977232924694,3
3.1355054,10.5,1.0833334,1.0833334,4,0,1,20,0,0,2.121190893169878,1
3.0750501,9,34.5,12.333333,4,0,1,51,0,0,.5302977232924694,3
3.061872,10.5,12.25,6.3333335,4,1,1,33,3,0,1.060595446584939,2
3.2178764,10.5,9.5,9.5,4,0,1,39,1,0,1.060595446584939,1
2.848881,10.5,4.3333335,.41666666,4,0,1,26,0,0,2.121190893169878,1
3.7263737,10.5,9.416667,6.25,4,0,1,28,0,0,1.060595446584939,1
3.7186515,10.5,10.041667,10.75,4,1,1,47,0,1,.5302977232924694,3
3.0843449,10,4.75,.91666669,4,1,1,24,0,0,.5302977232924694,1
3.58285,10.5,19.583334,.083333336,4,0,1,36,0,2,1.060595446584939,2
3.495508,12.5,12.916667,8.833333,4,0,1,40,0,0,.5302977232924694,1
3.1760294,10.5,5.5833335,.75,4,0,1,24,0,0,1.590893169877408,1
3.5788896,10.5,27.833334,.16666667,4,1,1,48,0,0,1.060595446584939,2
3.2308154,10.5,7.8333335,6.4166665,4,1,1,26,0,0,1.060595446584939,2
3.4673371,12.5,13.5,10.5,4,1,1,34,0,0,1.060595446584939,2
3.1853533,12,3.6666667,3.3333333,4,1,1,29,0,0,1.060595446584939,1
3.1665831,10.5,14.25,4.6666665,4,1,1,51,0,0,2.121190893169878,2
3.6008685,10.5,36.291668,19.416666,4,1,1,61,0,0,.5302977232924694,3
3.3566716,10.5,2.3333333,4.0833335,4,1,1,27,0,0,1.060595446584939,1
3.0255044,10.5,12.041667,13.916667,4,1,1,40,0,2,1.060595446584939,3
3.0720246,10.5,1.8333334,1.75,4,1,1,21,0,0,.5302977232924694,1
1.9975097,9,0,0,4,0,1,20,0,0,1.590893169877408,1
3.4256644,10.5,17.083334,10.25,4,1,1,35,0,0,1.060595446584939,2
3.1831334,10.5,5.5,3.5833333,4,1,1,25,0,0,1.060595446584939,1
3.2341433,10.5,7.5,3.3333333,4,1,1,26,0,0,.5302977232924694,1
3.7186515,12,20.958334,.5,4,1,1,62,0,0,1.060595446584939,2
2.9911971,10.5,9.083333,0,4,1,1,41,0,2,1.060595446584939,2
4.1241169,10.5,1.75,1.75,4,1,1,19,0,0,1.590893169877408,1
1.7037486,10.5,0,0,4,0,1,20,0,0,1.060595446584939,1
2.9301941,10.5,16.708334,9.333333,4,1,1,56,0,0,1.060595446584939,2
2.8651619,10.5,3.875,3.5833333,4,1,1,29,0,0,.5302977232924694,1
3.495508,10.5,10.333333,3.3333333,4,1,1,31,0,0,.5302977232924694,1
2.97226,10.5,1.5,1.0833334,4,1,1,25,0,0,1.060595446584939,1
3.3777251,10.5,15.833333,8.333333,4,1,1,35,0,0,.5302977232924694,3
3.6316402,10.5,21,.83333331,4,1,1,53,0,0,.5302977232924694,3
1.6790559,9,0,0,4,0,1,19,0,0,1.590893169877408,1
3.3378792,10,39.125,9.916667,4,1,1,60,0,0,1.060595446584939,2
3.4600015,10.5,17.166666,1.8333334,4,0,1,37,0,0,.5302977232924694,1
3.5073426,12,7.25,.083333336,4,1,1,34,0,0,.5302977232924694,1
3.2078259,10.5,8.916667,.16666667,4,0,1,31,0,0,.5302977232924694,1
3.9843547,10.5,20.666666,12.666667,4,0,1,40,0,0,1.060595446584939,2
1.8781019,10.5,0,0,4,0,1,20,0,0,2.121190893169878,1
3.1853533,10,26.083334,1.1666666,4,1,1,49,0,0,.5302977232924694,3
3.0581369,10.5,.25,.25,4,1,1,20,0,0,1.060595446584939,1
3.470372,10.5,16.583334,2.1666667,4,0,1,59,0,0,1.060595446584939,2
2.8564281,10.5,17.208334,2.75,4,1,1,37,0,0,1.060595446584939,2
2.3968956,10,18.083334,7.0833335,4,0,1,38,0,2,1.060595446584939,2
5.0279851,12.5,6.0416665,7.0833335,4,1,1,35,0,0,1.060595446584939,1
3.2708752,10.5,15.833333,1.3333334,4,1,1,43,0,2,1.060595446584939,2
3.3131864,10.5,5.4166665,7,4,0,1,36,0,0,1.060595446584939,1
3.6496587,10.5,17.25,9.25,4,1,1,45,0,0,.5302977232924694,1
2.9565115,10,12.75,12.666667,4,1,1,38,0,2,1.060595446584939,2
3.3131864,12,2.8333333,1.9166666,4,0,1,24,0,0,.5302977232924694,1
3.3762705,12,11.666667,4.6666665,4,1,1,37,0,0,1.060595446584939,1
3.446718,12,29,1.3333334,4,1,1,55,0,0,1.060595446584939,2
3.670861,12,19,.41666666,4,0,1,39,0,2,1.060595446584939,2
2.802361,12.5,0,0,4,0,1,24,0,0,.5302977232924694,1
3.9417951,12,13.541667,6.25,4,1,1,35,1,0,1.060595446584939,2
3.495508,10.5,1.2916666,2,4,0,1,27,0,0,.5302977232924694,1
1.831582,10.5,9,1,4,1,1,58,0,0,1.060595446584939,2
3.446718,10.5,13.666667,2.3333333,4,1,1,45,0,0,1.590893169877408,2
3.9833441,9,23.291666,.33333334,4,1,1,43,0,1,.5302977232924694,1
3.693959,10.5,30.5,21.083334,4,0,1,51,0,0,1.590893169877408,2
3.5755508,10,8.458333,9,4,1,1,40,0,0,.5302977232924694,1
3.6316402,12,12.75,2.1666667,4,1,1,43,0,2,1.060595446584939,2
3.78319,12,11.333333,6.25,4,0,1,41,3,0,1.060595446584939,2
3.3131864,10.5,12.166667,12.166667,4,1,1,33,0,0,1.060595446584939,1
2.9077213,10.5,18.583334,.58333331,4,1,1,42,0,0,1.060595446584939,1
3.1018775,10.5,5.6666665,5.3333335,4,1,1,25,0,0,.5302977232924694,1
3.2131031,10.5,6.3333335,1.5833334,4,0,1,26,0,0,1.060595446584939,1
3.0030315,10.5,.83333331,.83333331,4,0,1,20,0,0,2.121190893169878,1
3.6008685,10.5,2.6666667,3.1666667,4,1,1,32,0,2,.5302977232924694,3
3.4640093,10.5,18.583334,6.0833335,4,1,1,44,0,0,1.060595446584939,2
2.9767144,10.5,15.5,16.75,4,1,1,54,0,0,1.060595446584939,2
3.495508,10.5,29.083334,24.5,4,1,1,57,0,0,1.060595446584939,2
3.495508,10.5,17.583334,8,4,0,1,36,2,0,1.060595446584939,2
3.4787009,9,9.791667,15.25,4,1,1,45,0,0,1.060595446584939,2
3.3777251,10.5,5.0833335,5.0833335,4,0,1,25,0,0,.5302977232924694,1
3.48754,10.5,6.9166665,6.9166665,4,0,1,28,0,0,.5302977232924694,1
3.566967,10.5,31.166666,20.666666,4,0,1,47,0,0,1.060595446584939,2
3.4185469,12,6.25,5.1666665,4,0,1,41,0,0,1.060595446584939,2
3.4309695,12,8.666667,1.1666666,4,0,1,29,0,0,.5302977232924694,1
3.3131864,10,20.666666,7.8333335,4,1,1,40,0,0,1.060595446584939,3
2.9077213,5,9.666667,2.4166667,4,1,1,35,0,1,1.060595446584939,2
3.3131864,9.75,25.333334,.083333336,4,1,1,49,0,0,1.590893169877408,2
3.7876444,10.5,5.4166665,6.0833335,4,1,1,38,0,1,.5302977232924694,3
3.4548371,10.5,19.333334,7.0833335,4,1,1,48,0,0,.5302977232924694,3
2.7535708,12.5,.083333336,.16666667,4,0,1,22,0,0,1.590893169877408,1
2.1092138,10.5,0,0,4,0,1,25,0,0,1.590893169877408,1
3.4673371,10.5,8.75,8.75,4,0,1,27,2,0,1.060595446584939,2
3.2631762,10.5,10.25,10.25,4,0,1,26,0,0,.5302977232924694,1
3.6698616,10.5,18.666666,14,4,1,1,39,0,0,1.060595446584939,1
3.2643964,10.5,11.166667,7.75,4,0,1,26,0,0,.5302977232924694,1
3.6008685,10.5,10.75,2,4,0,1,33,2,0,1.060595446584939,2
2.7798879,9,17.458334,18.75,4,1,1,54,0,0,1.060595446584939,2
2.0604236,10.5,13.375,8.666667,4,1,1,52,0,0,1.590893169877408,2
3.1018775,10.5,7.8333335,7.5,4,1,1,34,2,0,1.060595446584939,2
3.48754,9.75,21.916666,7.25,4,0,1,41,0,3,1.060595446584939,2
3.0030315,10.5,18.875,1.4166666,4,1,1,55,0,0,.5302977232924694,3
3.2105324,10.5,24.916666,24.916666,4,0,1,40,0,0,.5302977232924694,1
2.8944762,9.75,5.25,.33333334,4,1,1,36,0,2,1.060595446584939,2
5.1049461,10.5,9.416667,6.4166665,4,1,1,28,0,0,1.060595446584939,2
3.7186515,9.75,11.458333,11.916667,4,1,1,40,0,1,1.060595446584939,2
4.101644,10.5,28.166666,1.6666666,4,1,1,48,0,0,.5302977232924694,3
2.9485433,10.5,8.916667,5.8333335,4,1,1,51,0,0,1.060595446584939,2
3.6008685,9.75,5.8333335,2.5,4,1,1,25,1,0,1.060595446584939,2
3.6698616,9,7.625,6.9166665,4,1,1,30,0,0,1.060595446584939,1
3.1764755,9.75,32.833332,20.5,4,1,1,53,0,0,.5302977232924694,3
4.3630085,9,17.958334,9.416667,4,1,1,39,0,0,1.590893169877408,3
3.53633,10.5,41.083332,41.083332,5,0,1,59,0,0,.5302977232924694,3
3.4185469,10,10.083333,8,5,1,1,31,0,0,1.060595446584939,2
3.1266005,10.5,5.8333335,1.5833334,5,1,1,27,0,0,1.060595446584939,2
2.5712492,10.5,8.291667,.75,5,1,1,50,0,0,.5302977232924694,3
3.0109997,12.5,22.083334,5.1666665,5,0,1,53,0,0,.5302977232924694,1
3.0484939,15,20.208334,3.0833333,5,1,1,44,0,0,1.060595446584939,3
.62760913,12.5,.16666667,.083333336,5,1,1,20,0,0,2.121190893169878,1
2.699959,9,41.916668,40.083332,5,1,1,58,0,0,.5302977232924694,1
.78745788,10.5,14.541667,.16666667,5,1,1,48,0,0,1.060595446584939,2
2.8824036,10.5,21,2,5,1,1,52,0,0,.5302977232924694,3
4.1241169,12,8.583333,5.5833335,5,1,1,48,0,0,.5302977232924694,3
2.9565115,10.5,25.25,3.0833333,5,1,1,46,0,0,.5302977232924694,1
1.3207563,10.5,9.375,7.75,5,1,1,42,0,1,1.590893169877408,2
2.802361,9.75,7.75,.083333336,5,1,1,45,0,0,2.121190893169878,2
3.6233413,9,.95833331,.25,5,1,1,44,0,0,.5302977232924694,3
3.061872,10.5,1.6666666,.58333331,5,0,1,22,0,0,.5302977232924694,1
3.3131864,10.5,6.5,6.3333335,5,0,1,32,0,0,.5302977232924694,1
3.0435228,12,7.6666665,1.4166666,5,0,1,29,0,0,1.060595446584939,1
2.9714372,10.5,14.708333,.91666669,5,0,1,36,0,0,.5302977232924694,1
3.3131864,10.5,17.25,7.4166665,5,0,1,35,2,0,1.060595446584939,2
2.6845779,10.5,2.9166667,.33333334,5,0,1,24,0,0,1.060595446584939,1
2.848881,10.5,18.333334,11.166667,5,1,1,54,0,0,1.060595446584939,2
3.48754,12,16.083334,2.0833333,5,0,1,35,0,0,.5302977232924694,1
3.48754,10.5,7.8333335,.16666667,5,0,1,28,0,0,.5302977232924694,1
1.6549585,9,0,0,5,0,1,18,0,0,2.651488616462347,1
3.6008685,10.5,5.5833335,14.75,5,0,1,39,1,1,1.060595446584939,2
2.808059,10.5,0,2.3333333,5,0,1,24,0,0,2.121190893169878,1
2.97226,10.5,15.583333,6.0833335,5,1,1,41,0,0,.5302977232924694,1
2.6845779,9,2.0833333,2.0833333,5,1,1,33,1,1,1.060595446584939,3
2.7646205,9,21,.083333336,5,1,1,37,0,0,.5302977232924694,1
2.9077213,10.5,36.166668,3.9166667,5,1,1,53,0,0,.5302977232924694,3
3.9009731,10.5,23.125,6.0833335,5,1,1,46,0,0,1.590893169877408,3
3.2261751,10,15.75,6.25,5,1,1,41,0,1,.5302977232924694,3
2.9367089,10.5,12,3.75,5,1,1,31,0,0,1.060595446584939,1
3.2441936,10.5,19.25,13.25,5,1,1,37,0,0,1.060595446584939,3
3.1308649,10,9.125,3.75,5,0,1,31,0,0,1.060595446584939,1
3.3672538,9,23.833334,.58333331,5,1,1,48,0,0,.5302977232924694,3
2.8713536,10.5,7.75,.5,5,1,1,25,0,0,1.060595446584939,1
2.8536541,9,11.833333,1.3333334,5,1,1,45,0,0,1.060595446584939,3
3.2486479,10.5,10.875,1.4166666,5,1,1,41,0,1,1.060595446584939,2
3.827642,12,9.416667,12.5,5,0,1,45,0,2,1.060595446584939,2
3.0095041,10.5,2.4166667,.75,5,0,1,32,0,0,1.590893169877408,1
3.4818091,15,13.5,11.25,5,0,1,40,3,1,1.060595446584939,2
1.831582,10.5,13.916667,11.333333,5,1,1,36,1,0,1.060595446584939,2
4.9226246,10.5,21.541666,19.166666,5,1,1,55,0,0,.5302977232924694,3
3.4265151,12.5,35.333332,22.25,5,1,1,54,0,0,1.060595446584939,2
2.8336134,9,27.541666,6.5833335,5,1,1,49,0,0,.5302977232924694,3
3.3131864,12.5,3.3333333,3.8333333,5,1,1,28,0,0,.5302977232924694,1
2.9428127,5,27.958334,12.583333,5,1,1,57,0,0,.5302977232924694,3
3.1549625,12.5,9.416667,5.25,5,0,1,32,1,0,1.060595446584939,2
1.3340015,12.5,0,0,5,1,1,24,0,0,2.121190893169878,1
3.0582943,10,8.166667,3.3333333,5,1,1,29,0,0,.5302977232924694,1
3.9110236,9,11,10.916667,5,1,1,38,0,0,.5302977232924694,1
3.2308154,9,21,7.9166665,5,1,1,41,0,0,.5302977232924694,1
3.3131864,10,20.75,7,5,1,1,52,0,1,1.060595446584939,2
3.1796551,9.75,18.291666,11.416667,5,1,1,40,0,1,1.060595446584939,2
3.53633,12.5,2.2083333,4.4166665,5,1,1,23,0,0,.5302977232924694,1
3.0255044,9.75,22.083334,3.0833333,5,1,1,40,0,0,.5302977232924694,1
3.3131864,9,27.916666,1.9166666,5,1,1,50,0,0,1.590893169877408,2
3.2408659,12,13.166667,6.3333335,5,1,1,39,0,0,1.060595446584939,1
3.0720246,10,6.75,5.25,5,1,1,43,0,0,2.121190893169878,3
2.6200392,9.75,19.416666,.083333336,5,1,1,48,0,0,1.060595446584939,2
2.9767144,9,16.583334,16.833334,5,1,1,41,0,1,1.060595446584939,2
3.6008685,10.5,10.666667,5.0833335,5,0,1,34,2,0,1.060595446584939,2
3.495508,10.5,24.166666,14.416667,5,1,1,46,0,0,.5302977232924694,1
2.802361,10.5,11.541667,4.75,5,1,1,47,0,0,.5302977232924694,3
2.9275241,10.5,5,1.6666666,5,1,1,28,0,0,.5302977232924694,1
3.7112167,12.5,8.75,3.5833333,5,0,1,33,0,0,1.060595446584939,2
3.2441936,10.5,8,5.8333335,5,1,1,26,0,0,1.060595446584939,1
3.6698616,10.5,26.416666,16.333334,5,0,1,42,0,0,1.590893169877408,2
3.0900428,10.5,6.6666665,2.1666667,5,0,1,27,0,0,.5302977232924694,1
2.5947216,10.5,7.5,3.6666667,5,0,1,31,0,0,.5302977232924694,1
3.6008685,10.5,2,18.75,5,0,1,42,0,1,.5302977232924694,3
3.1755652,10.5,22.75,13.416667,5,0,1,55,0,0,1.060595446584939,2
3.3983443,10.5,7.25,6.1666665,5,0,1,28,0,0,1.060595446584939,2
3.7186515,10.5,16.833334,12.666667,5,0,1,35,1,2,1.060595446584939,2
3.5543485,10.5,5.4166665,4.3333335,5,0,1,30,0,0,.5302977232924694,1
3.3586488,10.5,7.9166665,5.3333335,5,0,1,27,1,0,1.060595446584939,2
3.3860238,10.5,1.1666666,1.1666666,5,0,1,24,0,0,1.590893169877408,1
3.6008685,10.5,10.166667,8.5,5,0,1,31,2,0,1.060595446584939,2
3.4041584,10.5,5.5,1.5833334,5,0,1,28,0,0,.5302977232924694,1
3.6008685,12,17.833334,3.9166667,5,0,1,38,2,0,1.060595446584939,2
3.1796551,10.5,13.291667,10,5,1,1,41,0,0,1.060595446584939,3
3.7202764,12.5,31.25,22.666666,5,0,1,55,0,0,1.590893169877408,2
3.3439581,10.5,5.0833335,4.3333335,5,1,1,27,1,0,.5302977232924694,1
4.3965311,10,26.625,13.083333,5,1,1,56,0,0,.5302977232924694,3
3.9446948,12.5,15.25,5.25,5,0,1,33,0,0,1.060595446584939,2
3.2178764,10.5,2.5416667,.5,5,1,1,34,0,0,.5302977232924694,1
3.0008118,5,13,.91666669,5,1,1,32,0,0,1.060595446584939,2
3.0030315,10.5,3.1666667,1.6666666,5,1,1,46,0,0,1.590893169877408,2
2.8713536,10.5,18.5,16,5,1,1,55,0,0,.5302977232924694,3
3.4562874,10.5,12.291667,8.416667,5,1,1,48,0,1,1.060595446584939,2
2.5659721,10,19.75,15.666667,5,1,1,61,0,0,.5302977232924694,3
4.3117151,10.5,8.875,8.416667,5,1,1,46,0,1,1.060595446584939,2
3.0900428,10.5,5.125,.33333334,5,1,1,35,0,0,.5302977232924694,3
3.6233413,12,24.791666,10.083333,5,1,1,47,0,0,1.060595446584939,2
2.802361,9.75,5.0833335,.41666666,5,1,1,37,0,1,.5302977232924694,3
2.6941473,5,4.5,4.25,5,1,1,41,0,0,1.060595446584939,3
3.0422523,9.75,8.541667,13.833333,5,1,1,51,0,0,1.060595446584939,2
1.6296406,9,.83333331,.83333331,5,1,1,19,0,0,1.060595446584939,1
1.233745,10.5,21.375,3.9166667,5,1,1,60,0,0,1.060595446584939,2
4.287746,10,13.375,.66666669,5,1,1,42,0,1,.5302977232924694,3
3.1954036,10.5,9.166667,.66666669,5,0,1,26,0,0,1.060595446584939,2
2.7253997,10.5,17.291666,3.75,5,1,1,40,0,0,.5302977232924694,1
2.8919308,10.5,4.0833335,2.0833333,5,1,1,25,0,0,.5302977232924694,1
3.3777251,10.5,24.083334,24.083334,5,0,1,45,0,0,.5302977232924694,1
3.083612,10.5,20.583334,5.1666665,5,1,1,45,0,0,1.060595446584939,1
2.9767144,10,4.5,2.9166667,5,1,1,45,0,0,1.590893169877408,2
3.4542651,10,15.625,2.8333333,5,1,1,42,0,0,1.060595446584939,2
2.938493,10.5,11.041667,8.166667,5,1,1,35,1,0,1.060595446584939,2
2.9767144,11.5,11.416667,5.4166665,5,1,1,43,0,1,.5302977232924694,3
2.9229889,9,18,7.0833335,5,1,1,38,0,1,1.060595446584939,2
3.0412529,10.5,3.6666667,.58333331,5,1,1,25,0,0,.5302977232924694,1
3.4309695,10.5,7.1666665,1.5,5,1,1,45,0,0,1.590893169877408,2
3.0484939,10.5,2.0833333,.083333336,5,1,1,22,0,0,1.590893169877408,1
3.8930051,12.5,3.75,1.9166666,5,0,1,30,0,0,.5302977232924694,1
3.0553575,10.5,2,9.916667,5,1,1,41,0,0,1.060595446584939,3
3.1018775,10.5,10.916667,7.5,5,1,1,51,0,0,2.651488616462347,2
3.2331438,10,10.583333,9,5,1,1,45,0,0,1.060595446584939,2
2.6200392,9,17.458334,18.083334,5,1,1,56,0,0,1.060595446584939,2
2.7943928,10.5,6.4166665,4.3333335,5,1,1,26,0,0,1.590893169877408,1
3.0255044,10.5,12.666667,1,5,1,1,49,0,0,1.590893169877408,2
3.0767977,10.5,2.25,3,5,1,1,24,0,0,1.060595446584939,1
2.9565115,10.5,17,10.25,5,1,1,38,0,2,1.590893169877408,2
3.2643964,10.5,9.791667,1.4166666,5,1,1,29,0,0,.5302977232924694,3
2.9301941,9,14.166667,2,5,1,1,56,0,0,.5302977232924694,2
3.6316402,10.5,19.625,29.25,5,1,1,53,0,0,1.060595446584939,3
2.931819,5,19.25,10.416667,5,1,1,46,0,0,1.060595446584939,2
2.4681587,10.5,6.0416665,4.0833335,5,1,1,36,1,2,1.060595446584939,2
1.5983881,9,0,0,5,1,1,18,0,0,1.590893169877408,1
3.0689895,10.5,22.208334,19.916666,5,1,1,48,0,0,1.060595446584939,2
3.5543485,10.5,26.416666,18.333334,5,0,1,44,0,0,1.060595446584939,3
2.848881,10.5,11.583333,1.1666666,5,1,1,28,0,0,1.060595446584939,2
3.3619766,10.5,8.666667,8.166667,5,1,1,37,0,0,.5302977232924694,1
2.8790536,10.5,5.9166665,5.9166665,5,0,1,25,0,0,1.060595446584939,1
3.7986944,10,11.333333,3.1666667,5,1,1,45,0,0,1.060595446584939,2
3.5755508,10.5,21.916666,5.75,5,1,1,46,0,1,.5302977232924694,1
3.3131864,10.5,16.916666,4.25,5,0,1,35,0,0,.5302977232924694,1
3.2935505,10.5,10.333333,11.5,5,1,1,46,0,1,1.060595446584939,2
3.0255044,10.5,4.4166665,4.6666665,5,0,1,25,0,0,.5302977232924694,1
2.9531839,10.5,24.166666,12.166667,5,1,1,41,0,0,1.060595446584939,2
2.2835672,10.5,6.8333335,6.8333335,5,1,1,25,0,0,.5302977232924694,1
3.1954036,10,13.25,1.9166666,5,1,1,31,0,0,1.060595446584939,2
3.2078259,10.5,8.708333,.75,5,1,1,27,1,0,1.060595446584939,2
3.7186515,10.5,29.583334,2.5,5,1,1,52,0,0,.5302977232924694,3
2.9077213,10.5,3.75,3.75,5,1,1,22,0,0,.5302977232924694,1
2.7535708,10.5,16.25,14.166667,5,1,1,55,0,0,1.060595446584939,3
2.9859736,10.5,4.9166665,3.9166667,5,1,1,26,0,0,.5302977232924694,1
3.0900428,10.5,11.333333,.16666667,5,1,1,47,0,0,2.121190893169878,2
2.9077213,10.5,.66666669,.66666669,5,0,1,21,0,0,1.590893169877408,1
3.2390785,9.75,15.833333,1,5,1,1,48,0,0,.5302977232924694,3
3.0508223,10.5,4.3333335,3.5,5,1,1,36,0,2,1.060595446584939,2
3.4185469,10.5,20.833334,.66666669,5,1,1,36,0,0,.5302977232924694,1
2.9077213,10.5,15.833333,14.75,5,1,1,53,0,0,1.060595446584939,2
3.078347,12,8.708333,2.75,5,1,1,38,0,2,1.590893169877408,2
2.6200392,10.5,14,.083333336,5,1,1,48,0,0,1.060595446584939,2
2.5975664,9,16.75,.58333331,5,1,1,37,0,1,.5302977232924694,3
3.3131864,10.5,4.0833335,3,5,1,1,38,0,1,.5302977232924694,1
2.9077213,9.75,12.333333,13,5,1,1,38,0,1,1.060595446584939,2
2.8449206,9,7.2916665,8.416667,5,1,1,46,0,0,2.121190893169878,2
3.9575436,12.5,8.916667,3.3333333,5,0,1,34,0,0,.5302977232924694,1
3.3131864,10.5,11.708333,5.9166665,5,1,1,37,1,1,1.060595446584939,2
3.4062769,10.5,28.583334,.083333336,6,0,1,49,0,1,1.060595446584939,2
2.9846826,10.5,38.833332,35.416668,6,0,1,57,0,0,1.060595446584939,3
3.1461325,12,24.75,9.666667,6,0,1,52,0,0,1.060595446584939,3
2.9077213,10.5,.41666666,3.5,6,1,1,23,0,0,1.060595446584939,1
3.0057018,10.5,13.333333,.83333331,6,1,1,35,0,0,1.060595446584939,2
3.1954036,10.5,10.083333,5,6,0,1,30,0,0,.5302977232924694,1
3.5458088,10.5,35.25,9.75,6,0,1,55,0,0,1.060595446584939,2
3.2743006,10.5,12.416667,11.666667,6,0,1,34,0,0,.5302977232924694,1
3.1399148,12,2.5833333,3.3333333,6,0,1,26,2,0,1.060595446584939,2
3.550858,10.5,30.583334,22,6,0,1,49,0,0,1.590893169877408,2
2.3323572,10.5,11.25,11.25,6,1,1,30,0,0,1.060595446584939,1
2.5594146,10.5,2.6666667,1,6,1,1,20,0,0,1.590893169877408,1
3.5073426,10.5,15.5,21.166666,6,1,1,59,0,0,1.590893169877408,2
3.0387497,10.5,4.25,2.25,6,0,1,25,0,0,.5302977232924694,1
3.214767,12,14.166667,9.833333,6,0,1,34,0,2,1.060595446584939,2
2.2145741,10.5,.16666667,.16666667,6,0,1,19,0,0,1.590893169877408,1
2.8176284,12,5.8333335,.16666667,6,0,1,30,1,0,1.060595446584939,2
2.6200392,10.5,32.416668,29.25,6,0,1,51,0,0,1.060595446584939,2
2.0139036,9,0,0,6,0,1,18,0,0,2.121190893169878,1
3.1898882,12,9.333333,5.9166665,6,0,1,35,1,1,1.060595446584939,2
3.0753522,10.5,9.916667,.083333336,7,0,1,29,3,0,1.060595446584939,2
3.3131864,10.5,7.1666665,6.1666665,7,0,1,28,2,0,1.060595446584939,2
3.4231875,10.5,18.083334,8,7,0,1,38,1,1,1.060595446584939,2
3.5696161,12,15.75,2.4166667,7,0,1,39,1,3,1.060595446584939,2
3.9009731,9,9.083333,11,7,0,1,53,0,0,1.060595446584939,2
3.824012,10.5,13.416667,11.333333,7,0,1,31,0,0,1.060595446584939,2
2.9810526,10.5,44.833332,44.833332,7,0,1,60,0,0,1.060595446584939,2
3.4256644,10.5,3.9166667,1.8333334,7,0,1,37,2,0,1.060595446584939,2
3.3566716,9,31.666666,27.583334,7,0,1,52,0,0,.5302977232924694,3
3.3312051,12,2,17.5,7,0,1,37,0,0,.5302977232924694,1
3.1954036,10.5,11.166667,11.166667,7,0,1,31,3,1,1.060595446584939,2
3.3131864,10.5,10.5,8.083333,7,0,1,31,1,1,1.060595446584939,2
3.48754,10.5,1.0833334,10.333333,7,0,1,31,0,0,1.060595446584939,1
3.2912076,10.5,5,5,7,0,1,26,0,0,1.590893169877408,1
3.3329892,10.5,11.5,7,7,0,1,31,0,0,.5302977232924694,1
3.1441102,10.5,24.083334,3,7,0,1,44,0,2,1.060595446584939,2
3.355746,10.5,17.5,15.333333,7,0,1,36,2,1,1.060595446584939,2
3.2308154,10.5,27.75,12.833333,7,0,1,49,0,0,1.060595446584939,2
3.2242391,10.5,9.333333,9.333333,7,0,1,32,3,0,1.060595446584939,2
3.1308649,10.5,10.166667,10.166667,7,0,1,28,0,0,1.060595446584939,1
3.1365631,10.5,12.166667,12.166667,7,0,1,28,0,0,.5302977232924694,1
3.267724,10.5,11.208333,.5,7,0,1,33,1,0,1.060595446584939,2
2.3968956,5,0,0,7,0,1,19,0,0,1.590893169877408,1
3.5267606,10.5,9.916667,7.25,7,0,1,29,2,0,1.060595446584939,2
3.5458088,10.5,16.833334,8.166667,7,0,1,35,1,1,1.060595446584939,2
3.2884939,10.5,18.666666,7.5833335,7,0,1,39,0,1,.5302977232924694,3
3.3131864,10.5,32.416668,6.75,7,0,1,50,0,0,1.590893169877408,2
3.3576384,10.5,18.166666,10.083333,7,0,1,33,0,0,.5302977232924694,1
3.4768159,10.5,9.916667,7.6666665,7,0,1,30,1,1,1.060595446584939,2
3.5116374,10.5,38.583332,38.583332,7,0,1,61,0,0,.5302977232924694,3
3.2408659,10.5,4.5833335,3.5,7,0,1,27,0,0,1.060595446584939,1
3.824012,10.5,29.666666,3.75,7,0,1,49,0,0,1.060595446584939,2
3.3131864,10.5,.75,.75,7,0,1,24,0,0,.5302977232924694,1
3.4640093,10.5,5.8333335,8.333333,7,0,1,33,1,1,1.060595446584939,2
3.48754,10.5,41.166668,37.083332,7,0,1,56,0,0,1.060595446584939,2
2.9077213,10.5,.125,.25,7,0,1,20,0,0,1.590893169877408,1
3.3586488,10.5,17.166666,15.333333,7,0,1,35,0,0,1.060595446584939,2
3.1864347,10.5,12.75,1.25,7,0,1,32,0,0,1.060595446584939,2
3.2666664,10.5,18.916666,.25,7,0,1,37,0,0,1.060595446584939,2
3.3806279,10.5,5.8333335,.41666666,7,0,1,26,2,0,1.060595446584939,2
3.1009946,10.5,7.5833335,3.25,7,1,1,25,0,0,1.060595446584939,1
3.1365631,10.5,0,8.666667,7,1,1,23,0,0,.5302977232924694,1
3.3367169,10.5,22.583334,22.583334,7,0,1,39,2,0,1.060595446584939,2
3.4990733,12,6,3.6666667,7,0,1,28,3,1,1.060595446584939,2
2.8857424,10.5,5.5833335,1.5833334,7,0,1,25,0,0,1.590893169877408,1
3.1549625,10.5,5.0833335,.16666667,7,1,1,25,0,0,.5302977232924694,1
2.8612013,5,5.25,3.3333333,7,1,1,29,1,1,1.060595446584939,3
3.48754,10.5,21.25,20.25,7,0,1,41,0,0,.5302977232924694,1
3.3838041,9,31.083334,7.5,7,0,1,51,0,0,1.060595446584939,2
3.1954036,10.5,23.458334,9.166667,7,0,1,43,0,2,1.060595446584939,2
3.2131031,10.5,28.166666,4.3333335,7,0,1,49,0,0,1.590893169877408,2
3.0900428,10.5,2.9166667,2.9166667,7,0,1,23,0,0,.5302977232924694,1
3.3378792,10.5,1.6666666,1.4166666,7,0,1,23,0,0,1.060595446584939,1
3.2618933,10.5,4.1666665,1.8333334,7,0,1,25,0,0,.5302977232924694,1
3.2929838,10.5,20.416666,5.25,7,0,1,41,0,0,.5302977232924694,3
3.58285,10.5,27.5,17.75,7,0,1,44,0,2,1.060595446584939,2
3.2078259,10.5,35.25,31,7,0,1,54,0,0,1.060595446584939,2
3.3860238,12,2.0833333,4.5833335,7,0,1,30,0,0,.5302977232924694,1
3.6809113,10,13.875,9.5,7,0,1,39,2,0,1.060595446584939,2
1.9021995,9,0,0,7,0,1,21,0,0,2.121190893169878,1
3.1590359,10.5,29.666666,29.666666,7,0,1,49,0,0,.5302977232924694,1
3.53633,10.5,6.75,20.333334,7,0,1,47,0,0,.5302977232924694,1
3.375062,10.5,21.25,9.083333,7,0,1,40,0,0,1.060595446584939,2
3.53633,10.5,7.1666665,3.4166667,7,0,1,36,1,0,.5302977232924694,3
3.3989272,12,9.083333,7.4166665,7,0,1,29,2,0,1.060595446584939,2
3.2097211,10.5,6.8333335,6.8333335,7,0,1,26,0,0,1.060595446584939,2
3.4438066,10.5,19.416666,10.333333,7,0,1,41,1,1,1.060595446584939,2
3.4708154,10.5,14.166667,14.166667,7,0,1,34,0,0,.5302977232924694,1
3.1519184,10.5,15.833333,15.833333,7,0,1,36,0,0,.5302977232924694,1
3.5116374,10.5,24.25,7,7,0,1,44,0,0,1.060595446584939,2
2.6200392,10.5,8.208333,9.583333,7,1,1,41,0,0,1.590893169877408,2
3.2631762,10.5,24.083334,7.4166665,7,0,1,45,0,0,.5302977232924694,1
3.1590359,9.75,6.3333335,3.5833333,7,0,1,28,0,0,.5302977232924694,1
3.8005388,10.5,12.583333,1,7,0,1,40,0,0,1.060595446584939,2
3.1590359,10.5,6.1666665,6.1666665,7,0,1,26,0,0,.5302977232924694,1
3.5116374,10.5,27.166666,4.25,7,0,1,60,0,0,1.060595446584939,2
3.242569,10.5,8.75,4.3333335,7,0,1,28,0,0,.5302977232924694,1
3.5950377,12,26.416666,17.583334,7,0,1,46,0,0,.5302977232924694,1
3.2408659,10.5,0,0,7,0,1,53,0,0,1.060595446584939,2
3.138833,10.5,7,.75,7,0,1,26,0,0,.5302977232924694,1
3.4640093,10.5,9.833333,9.833333,7,0,1,30,0,0,1.060595446584939,2
3.1734245,10.5,7.1666665,7.1666665,7,0,1,27,0,0,.5302977232924694,1
1.7358369,10.5,0,0,7,0,1,20,0,0,1.590893169877408,1
3.2308154,10.5,25.916666,25.916666,7,0,1,42,0,0,.5302977232924694,3
2.8577108,10.5,14.666667,8.333333,7,1,1,32,0,0,.5302977232924694,1
2.6688294,9,26.5,2.4166667,7,0,1,46,0,0,1.060595446584939,3
3.5098968,12,9.083333,3,7,0,1,30,0,0,1.060595446584939,1
3.2441936,10.5,10.833333,.25,7,0,1,34,0,0,.5302977232924694,1
3.3860238,10.5,21.416666,12.75,7,0,1,41,0,0,1.060595446584939,2
3.0255044,10.5,3.75,3.75,7,0,1,23,0,0,2.121190893169878,1
3.824012,10.5,28.416666,23.333334,7,0,1,50,0,0,1.590893169877408,2
3.1055472,10.5,6.75,7.5833335,7,0,1,33,1,0,1.060595446584939,2
3.138833,10.5,6.0833335,6.0833335,7,0,1,26,0,0,1.060595446584939,1
3.1355054,10.5,3.6666667,3.6666667,7,0,1,24,0,0,.5302977232924694,1
3.061872,10.5,.83333331,.83333331,7,0,1,22,0,0,2.121190893169878,1
3.5825195,12,15.666667,8.416667,7,0,1,43,0,2,1.590893169877408,2
2.9405112,10.5,.91666669,.33333334,7,0,1,23,0,0,.5302977232924694,1
3.2715137,10.5,14,14,7,0,1,35,0,0,1.060595446584939,1
3.5116374,10.5,35.333332,24.333334,7,0,1,54,0,0,1.590893169877408,2
3.6463308,10.5,26.166666,8.25,7,0,1,41,2,0,1.060595446584939,2
1.5874888,5,0,0,7,0,1,18,0,0,1.590893169877408,1
3.6336584,10.5,18.5,18.5,7,0,1,38,0,1,1.060595446584939,2
3.2078259,10.5,8.416667,2.9166667,7,0,1,30,0,0,.5302977232924694,1
2.802361,10.5,9.416667,10.333333,7,1,1,41,0,1,1.060595446584939,2
1.8268087,9,0,0,7,0,1,19,0,0,1.590893169877408,1
1.8860701,10.5,0,0,7,0,1,21,0,0,1.590893169877408,1
3.4757054,10.5,0,0,7,0,1,23,0,0,1.060595446584939,1
3.2078259,10.5,9.25,2.6666667,7,0,1,30,0,0,.5302977232924694,1
3.0412529,12,5.125,3.8333333,7,1,1,33,0,3,1.060595446584939,2
3.3838041,10.5,3,3,7,0,1,31,1,0,1.060595446584939,2
3.4577677,10.5,3.25,6,7,0,1,29,1,0,1.060595446584939,2
3.9491754,15,21.166666,18,7,0,1,43,0,3,1.060595446584939,2
3.48754,10.5,24.166666,.91666669,7,0,1,43,0,1,1.060595446584939,2
1.3672764,5,0,0,7,0,1,19,0,0,1.590893169877408,1
2.7870934,10.5,7.9583335,.33333334,7,1,1,42,0,1,1.060595446584939,2
3.5318756,10.5,28.166666,28.166666,7,0,1,47,0,2,1.060595446584939,2
2.6635244,10.5,1.9166666,1.1666666,7,0,1,21,0,0,1.590893169877408,1
3.078347,10.5,3.25,.83333331,7,0,1,25,0,0,2.651488616462347,1
3.1954036,10.5,8.166667,7,7,0,1,28,2,0,1.060595446584939,2
3.1954036,10.5,4,6.0833335,7,0,1,29,0,0,1.060595446584939,2
3.4647365,10.5,20.166666,16.083334,7,0,1,39,0,1,.5302977232924694,1
3.0183871,10,9.5,6.8333335,7,0,1,29,0,0,1.060595446584939,2
3.4231875,12.5,7.5,5.5,7,0,1,30,0,0,.5302977232924694,1
3.4640093,10.5,36.583332,34.416668,7,0,1,56,0,0,1.060595446584939,2
3.3855071,10.5,8.333333,4.0833335,7,0,1,34,2,0,1.060595446584939,2
3.3131864,12,5.8333335,5.8333335,7,0,1,29,0,0,1.060595446584939,2
3.6698616,10.5,29.5,1.4166666,7,0,1,55,0,0,.5302977232924694,3
3.2643964,12,3.0833333,15.333333,7,0,1,41,0,0,.5302977232924694,1
2.2484758,9,0,0,7,0,1,19,0,0,1.590893169877408,1
3.6496587,10.5,38.333332,28.166666,7,0,1,56,0,0,1.590893169877408,2
3.061872,10.5,7.6666665,2.3333333,7,0,1,29,0,0,2.121190893169878,1
3.1506677,10.5,.375,.41666666,7,0,1,22,0,0,1.590893169877408,1
3.2178764,10.5,14.75,12.416667,7,0,1,34,0,0,.5302977232924694,1
3.4529483,10.5,9.208333,3.25,7,1,1,36,0,0,1.060595446584939,1
3.3821793,10.5,12.916667,12.916667,7,0,1,28,1,0,1.060595446584939,2
3.4640093,10.5,12.916667,12.916667,7,0,1,33,2,2,1.060595446584939,2
3.0412529,10.5,5,.91666669,7,0,1,20,0,0,1.590893169877408,1
3.6631389,12,6.0833335,29.333334,7,0,1,54,0,0,1.060595446584939,2
3.53633,12.5,23.083334,3.25,7,0,1,47,1,2,1.060595446584939,2
2.9428127,10.5,4.9166665,1,7,1,1,23,0,0,.5302977232924694,1
3.3597064,10.5,5.75,2.5,7,1,1,28,0,0,.5302977232924694,1
3.3131864,10.5,28.166666,28.166666,7,0,1,46,0,1,1.060595446584939,2
3.0255044,10.5,5.25,5.25,7,1,1,25,0,0,1.060595446584939,1
3.0843449,9,41.416668,23.166666,7,1,1,58,0,0,.5302977232924694,3
2.5712492,9,11.833333,.5,7,1,1,30,0,1,1.590893169877408,3
3.2486479,9,11.25,11.25,7,0,1,33,0,0,.5302977232924694,1
2.6745274,10.5,26.958334,12.833333,7,1,1,48,0,0,1.060595446584939,2
2.9740441,10.5,5,1.4166666,7,1,1,34,0,2,1.060595446584939,2
3.1018775,12,8.708333,15.083333,7,1,1,48,0,0,1.060595446584939,2
1.3628221,5,0,0,7,1,1,18,0,0,1.590893169877408,1
3.3277147,10.5,3.8333333,3.8333333,7,1,1,24,0,0,.5302977232924694,1
4.1398649,12.5,22.166666,8.583333,7,0,1,48,0,0,2.651488616462347,2
3.9139605,10.5,23.166666,17.416666,7,0,1,47,0,2,1.060595446584939,2
2.9947329,10.5,22.5,4.3333335,7,1,1,44,0,0,.5302977232924694,1
2.9676297,10.5,15.166667,3.3333333,7,1,1,34,0,0,1.060595446584939,1
1.1384348,9,0,0,7,0,1,19,0,0,1.590893169877408,1
2.9428127,10.5,33.166668,12.833333,7,1,1,51,0,0,1.060595446584939,3
3.4164648,10.5,19.916666,16.5,7,0,1,39,0,2,1.060595446584939,2
1.7037486,9,0,0,7,1,1,18,0,0,2.121190893169878,1
3.4309695,10.5,22,5.3333335,7,0,1,41,2,1,1.060595446584939,2
2.9916029,12,.41666666,.41666666,7,0,1,22,0,0,1.590893169877408,1
2.566314,10.5,1.5833334,1.5833334,7,0,1,21,0,0,2.121190893169878,1
3.6008685,12,11.666667,.5,7,0,1,33,0,0,2.121190893169878,1
3.0328846,9,.16666667,.16666667,7,0,1,18,0,0,2.121190893169878,1
3.5179808,10.5,28.666666,15.666667,7,0,1,49,0,1,1.060595446584939,2
2.1967416,9,0,0,7,0,1,18,0,0,1.060595446584939,1
3.276325,10.5,9.166667,3.75,7,0,1,32,0,0,.5302977232924694,1
1.9498817,9,0,0,7,1,1,20,0,0,2.121190893169878,1
2.7624962,10.5,4.0833335,.91666669,7,0,1,29,1,0,.5302977232924694,1
3.1954036,10.5,11.833333,11.833333,7,0,1,31,1,1,1.060595446584939,2
3.2653959,10.5,7.75,2.5,7,0,1,28,0,0,1.060595446584939,2
3.9575436,10.5,6.125,3.4166667,7,1,1,39,0,3,.5302977232924694,3
3.2131031,12,12.458333,.66666669,7,1,1,42,0,0,1.590893169877408,2
.91529125,10.5,5.8333335,5.3333335,7,1,1,54,0,0,1.060595446584939,2
2.8537931,10.5,17.083334,7.1666665,7,1,1,42,0,1,1.590893169877408,2
2.582299,9,16.208334,1.4166666,7,1,1,51,0,0,1.060595446584939,2
3.5138571,9,38.333332,3.4166667,8,0,1,56,0,0,1.060595446584939,2
3.7499042,9,46.166668,29.666666,8,0,1,60,0,0,.5302977232924694,1
3.5222783,10.5,14.583333,9.416667,8,0,1,38,1,2,1.060595446584939,2
3.7550192,12.5,40.666668,30.5,8,0,1,61,0,0,.5302977232924694,3
3.2178764,10.5,8.25,6.75,8,0,1,37,0,0,.5302977232924694,1
3.1445313,5,20.083334,7.4166665,8,1,1,36,0,0,1.060595446584939,1
3.2161248,10.5,11.333333,.5,8,1,1,36,0,2,.5302977232924694,3
2.9301941,5,13.041667,10.083333,8,1,1,55,0,0,1.060595446584939,2
3.2643964,10.5,30.416666,4.4166665,8,1,1,50,0,0,.5302977232924694,1
3.3524072,10.5,29.083334,22,8,0,1,48,0,0,.5302977232924694,3
1.8755989,9,0,0,8,0,1,19,0,0,1.060595446584939,1
3.4802406,10.5,27.083334,4.1666665,8,0,1,49,0,0,1.060595446584939,2
3.4529483,10.5,4.75,0,8,1,1,29,1,0,1.060595446584939,3
3.4577677,10.5,36,.91666669,8,0,1,56,0,0,1.060595446584939,2
3.5561328,10.5,12.666667,4.5833335,8,0,1,31,0,0,1.060595446584939,1
4.0063338,10.5,7.3333335,7.3333335,8,0,1,31,1,0,1.060595446584939,2
3.6008685,12.5,21.666666,9.5,8,1,1,43,0,0,1.060595446584939,3
3.4529483,10.5,9.416667,3,8,1,1,29,0,0,1.060595446584939,1
3.58285,12,40.083332,40.083332,8,0,1,60,0,0,1.060595446584939,2
3.8728023,10.5,29.166666,25.083334,8,0,1,48,0,0,1.060595446584939,2
3.3131864,10.5,18.333334,18.333334,8,0,1,39,1,1,1.060595446584939,2
1.831582,9,19.333334,15.416667,8,1,1,46,0,1,1.590893169877408,2
2.7631402,9,23.5,3.5,8,1,1,52,0,0,1.590893169877408,2
3.8728023,10.5,28.916666,9.666667,8,0,1,47,0,0,1.590893169877408,2
3.1130326,10.5,35.333332,22.666666,8,0,1,54,0,0,1.060595446584939,2
2.0139036,9,0,0,8,0,1,19,0,0,1.060595446584939,1
3.5267606,10.5,12.5,10.5,8,0,1,31,0,0,1.060595446584939,1
3.5032301,10.5,32.416668,27,8,0,1,52,0,0,1.060595446584939,2
3.6461682,12,9.666667,4.5833335,8,0,1,40,0,0,1.060595446584939,2
3.6698616,10.5,22.083334,8,8,0,1,41,0,0,.5302977232924694,1
3.824012,10.5,20.333334,17.333334,8,0,1,44,0,2,1.590893169877408,2
3.824012,10.5,30.166666,30.166666,8,0,1,47,0,0,1.060595446584939,2
3.7740018,10.5,14.416667,7.9166665,8,0,1,34,3,0,1.060595446584939,2
3.4673371,10.5,16.25,8.666667,8,0,1,33,0,0,1.060595446584939,2
2.802361,12,6.5,23.666666,8,0,1,54,0,0,1.060595446584939,3
2.7741899,10.5,9.416667,1.4166666,8,0,1,28,1,0,1.060595446584939,2
3.4185469,10.5,27.666666,8.166667,8,0,1,48,0,0,.5302977232924694,1
3.3131864,9,18.666666,.91666669,8,0,1,34,2,0,1.060595446584939,2
3.2513111,9,22,19.25,8,0,1,43,1,2,1.060595446584939,2
3.4791143,5,34.333332,34.333332,8,0,1,52,0,0,1.060595446584939,2
3.3714554,9,32.083332,9.416667,8,0,1,49,0,0,.5302977232924694,1
2.5075612,9,15.666667,15.666667,8,0,1,31,2,0,.5302977232924694,3
3.2896559,10.5,10.166667,10.166667,8,0,1,30,1,1,1.060595446584939,2
3.5267606,10.5,19.333334,8.166667,8,0,1,38,0,1,1.060595446584939,2
3.4410198,9.75,43.083332,25,8,0,1,58,0,0,1.060595446584939,2
3.48754,10.5,12.5,.083333336,8,0,1,30,2,0,1.060595446584939,2
3.3965681,9,40.333332,28.666666,8,0,1,56,0,0,1.060595446584939,2
3.3597064,9,36.333332,15.416667,8,0,1,52,0,0,1.060595446584939,2
3.1766109,10.5,12.666667,1.9166666,8,0,1,33,0,0,1.060595446584939,1
3.2907135,9,17.833334,12.5,8,0,1,34,0,1,1.060595446584939,2
2.8612013,10.5,1,1,8,0,1,22,0,0,3.181786339754816,1
3.4616065,12,6.1666665,7.6666665,8,0,1,34,2,1,1.060595446584939,2
3.0030315,9,21.541666,4.25,9,1,1,36,1,0,1.060595446584939,2
3.2096763,10.5,7.0416665,1.0833334,9,1,1,37,1,2,1.060595446584939,2
3.068064,9.75,38,30.25,9,1,1,60,0,0,1.060595446584939,2
3.6008685,10.5,1.9583334,3.3333333,9,1,1,36,0,2,.5302977232924694,3
3.3131864,10.5,15.25,.5,9,1,1,38,1,0,1.060595446584939,2
3.1308649,10.5,14.75,20.5,9,1,1,43,0,1,1.060595446584939,3
3.0900428,10.5,16.083334,1.3333334,9,1,1,48,0,1,1.060595446584939,2
3.071115,10,15.041667,6.5833335,9,1,1,50,0,0,1.590893169877408,2
2.7870934,10.5,13.958333,11.916667,9,1,1,46,0,0,2.121190893169878,3
2.9863749,9,26,25,9,1,1,48,0,0,1.060595446584939,2
2.7225959,9.75,20.916666,17.166666,9,1,1,57,0,0,1.590893169877408,2
3.1895726,9,19.166666,11.5,9,1,1,35,0,0,.5302977232924694,1
2.7253997,10.5,5.2083335,7.4166665,9,1,1,51,0,0,1.060595446584939,2
3.945709,10.5,13.416667,14.25,9,1,1,57,0,0,.5302977232924694,3
2.7741899,10.5,4.5416665,.75,9,1,1,37,0,1,1.060595446584939,2
3.53633,10.5,10.291667,12.25,9,1,1,43,0,0,1.590893169877408,2
3.3459764,10.5,20.083334,7.8333335,9,0,1,49,0,0,1.590893169877408,2
2.0139036,12.5,.625,1.25,9,1,1,22,1,0,1.060595446584939,2
2.6200392,9,17.708334,29.25,9,1,1,54,0,0,1.060595446584939,2
3.0048852,10.5,20.75,15.166667,9,0,1,46,0,0,1.590893169877408,2
2.802361,12,13.458333,9.583333,9,1,1,40,0,2,1.060595446584939,2
3.0412529,9,33.166668,7,9,0,1,50,0,0,1.060595446584939,3
3.199858,9,9.625,8.25,9,1,1,36,0,3,1.060595446584939,2
2.2835672,10.5,11.416667,1.4166666,9,1,1,42,0,2,1.060595446584939,2
3.3012104,10.5,12.916667,2.0833333,9,0,1,33,1,1,1.060595446584939,2
3.4309695,10.5,43.5,23.25,9,0,1,61,0,0,1.060595446584939,2
4.7302523,10,9.666667,3.9166667,9,1,1,42,0,3,.5302977232924694,3
3.3131864,10.5,6.875,.33333334,9,1,1,31,3,0,1.060595446584939,2
2.0810428,12.5,2.5,.58333331,9,1,1,23,0,0,.5302977232924694,1
3.3821793,9.75,26.333334,7.25,9,0,1,41,0,4,1.060595446584939,2
3.3004224,10.5,9.083333,3.4166667,9,1,1,29,0,0,1.060595446584939,1
3.2643964,10.5,36.166668,36.166668,9,0,1,53,0,0,.5302977232924694,2
3.231873,10.5,16.333334,10.25,9,0,1,32,0,0,1.060595446584939,1
3.5116374,9.75,17.75,17.75,9,0,1,36,2,0,1.060595446584939,2
3.1734245,9.75,10.083333,10.083333,9,0,1,25,0,0,.5302977232924694,1
2.7741899,10.5,7.4583335,2.6666667,9,1,1,40,0,1,1.060595446584939,2
3.2408659,10.5,37.166668,23.75,9,0,1,57,0,0,.5302977232924694,3
3.6698616,9,24.791666,12.083333,9,1,1,49,0,0,.5302977232924694,1
2.980042,10.5,14.416667,7.3333335,9,0,1,34,1,1,1.060595446584939,2
3.0508223,10.5,1,.66666669,9,0,1,20,0,0,1.060595446584939,1
3.4438066,10.5,22.416666,2.0833333,9,0,1,42,0,2,1.060595446584939,2
2.802361,5,8.125,4,9,1,1,38,0,0,1.060595446584939,2
3.1308649,10.5,21.75,19.25,9,0,1,40,0,2,2.121190893169878,2
2.7715893,10.5,26.25,26.25,9,1,1,44,0,0,1.060595446584939,1
3.0453072,5,18.166666,18.166666,9,1,1,34,1,0,1.060595446584939,3
3.2643964,10.5,3.25,.16666667,9,0,1,23,0,0,1.060595446584939,1
2.9229617,10.5,25.416666,5.3333335,9,1,1,46,0,0,.5302977232924694,1
2.9947329,10.5,27.833334,8.416667,9,0,1,44,0,2,1.060595446584939,2
3.3131864,10.5,19.083334,9.166667,9,0,1,38,0,0,.5302977232924694,1
3.0900428,12,6.0833335,10.333333,9,1,1,36,0,0,.5302977232924694,1
,9,,,,1,0,47,0,0,1.060595446584939,2
,10.5,,,,0,0,32,2,0,1.060595446584939,2
,10.5,,,,1,0,37,2,0,1.060595446584939,2
,10.5,,,,1,0,36,1,1,1.060595446584939,2
,10.5,,,,1,0,34,1,1,1.060595446584939,2
,10.5,,,,1,0,33,2,1,1.060595446584939,2
,10.5,,,,1,0,40,0,2,1.060595446584939,2
,10.5,,,,1,0,31,1,0,1.060595446584939,2
,9,,,,1,0,29,2,0,1.060595446584939,2
,10.5,,,,1,0,45,0,0,2.121190893169878,2
,10.5,,,,1,0,44,0,0,1.060595446584939,2
,10.5,,,,1,0,35,0,3,1.060595446584939,2
,10.5,,,,1,0,35,2,0,1.060595446584939,2
,10.5,,,,1,0,41,0,1,1.060595446584939,2
,12,,,,1,0,58,0,0,.5302977232924694,3
,9,,,,1,0,32,2,0,1.060595446584939,2
,10,,,,1,0,37,2,0,1.060595446584939,2
,12,,,,1,0,61,0,0,1.060595446584939,2
,10.5,,,,1,0,29,2,0,1.060595446584939,2
,12,,,,1,0,59,0,0,1.060595446584939,2
,10.5,,,,1,0,34,1,1,1.060595446584939,2
,9,,,,1,0,56,0,0,.5302977232924694,3
,10.5,,,,1,0,62,0,0,1.060595446584939,2
,10.5,,,,1,0,51,0,0,1.060595446584939,2
,10.5,,,,1,0,61,0,0,1.060595446584939,2
,10,,,,1,0,36,0,2,1.060595446584939,2
,10.5,,,,1,0,50,0,0,2.651488616462347,2
,10.5,,,,0,0,51,0,0,1.060595446584939,2
,9,,,,1,0,55,0,0,1.060595446584939,2
,9,,,,1,0,53,0,0,.5302977232924694,3
,10.5,,,,1,0,40,1,0,1.590893169877408,2
,10.5,,,,1,0,62,0,0,1.060595446584939,3
,10.5,,,,1,0,31,2,0,1.060595446584939,2
,10.5,,,,1,0,35,0,2,1.060595446584939,2
,10.5,,,,1,0,34,2,0,.5302977232924694,3
,12,,,,1,0,28,2,0,1.060595446584939,2
,10.5,,,,1,0,28,0,0,1.060595446584939,2
,10.5,,,,1,0,35,0,3,1.060595446584939,2
,9,,,,1,0,49,0,1,1.060595446584939,2
,9,,,,1,0,39,1,1,1.060595446584939,2
,10.5,,,,1,0,46,0,0,.5302977232924694,1
,10.5,,,,0,0,55,0,0,.5302977232924694,1
,9.75,,,,1,0,33,2,0,1.060595446584939,2
,10.5,,,,1,0,55,0,0,1.060595446584939,2
,9,,,,1,0,38,0,3,1.060595446584939,2
,10.5,,,,1,0,33,0,2,1.060595446584939,2
,10.5,,,,1,0,36,0,2,1.060595446584939,2
,10.5,,,,1,0,49,0,0,2.121190893169878,2
,10.5,,,,1,0,37,0,2,1.060595446584939,2
,10.5,,,,1,0,36,1,2,1.060595446584939,2
,10.5,,,,1,0,36,1,2,1.060595446584939,2
,10.5,,,,1,0,35,0,2,1.060595446584939,2
,9,,,,1,0,22,1,0,1.060595446584939,1
,9.75,,,,1,0,52,0,0,.5302977232924694,2
,10.5,,,,0,0,60,0,0,.5302977232924694,1
,9,,,,1,0,59,0,0,1.060595446584939,2
,10.5,,,,1,0,41,0,2,1.060595446584939,2
,12.5,,,,1,0,47,0,1,.5302977232924694,3
,12.5,,,,1,0,42,0,1,1.590893169877408,2
,10.5,,,,1,0,39,2,1,1.060595446584939,2
,12,,,,1,0,32,1,0,1.060595446584939,2
,10.5,,,,1,0,27,2,0,1.060595446584939,2
,5,,,,1,0,53,0,0,1.060595446584939,2
,10.5,,,,1,0,33,2,1,1.060595446584939,2
,12.5,,,,1,0,26,2,0,1.060595446584939,2
,10.5,,,,1,0,35,1,2,1.060595446584939,2
,9,,,,1,0,57,0,0,1.060595446584939,2
,9.75,,,,1,0,54,0,0,2.121190893169878,2
,10.5,,,,1,0,42,0,3,1.060595446584939,2
,10.5,,,,1,0,42,1,1,1.590893169877408,2
,10.5,,,,1,0,37,1,2,1.060595446584939,2
,10.5,,,,1,0,60,0,0,1.060595446584939,2
,10.5,,,,1,0,30,2,0,1.060595446584939,2
,10.5,,,,1,0,41,0,1,1.060595446584939,2
,10.5,,,,1,0,41,1,0,1.060595446584939,2
,10.5,,,,1,0,47,0,0,1.060595446584939,2
,10.5,,,,1,0,54,0,0,1.060595446584939,2
,10,,,,1,0,32,2,0,1.060595446584939,2
,10.5,,,,1,0,27,0,0,.5302977232924694,2
,12,,,,1,0,30,3,0,.5302977232924694,2
,10.5,,,,1,0,32,1,0,1.060595446584939,2
,10.5,,,,1,0,31,2,0,1.060595446584939,2
,10,,,,1,0,51,0,1,2.121190893169878,2
,11.5,,,,1,0,30,3,0,1.060595446584939,2
,10.5,,,,1,0,33,3,0,1.060595446584939,2
,5,,,,1,0,61,0,0,1.060595446584939,3
,9,,,,1,0,31,1,0,1.060595446584939,2
,10.5,,,,1,0,34,2,0,1.060595446584939,2
,9,,,,1,0,60,0,0,1.590893169877408,2
,12.5,,,,1,0,41,1,1,1.060595446584939,1
,10.5,,,,1,0,30,2,0,1.060595446584939,2
,5,,,,1,0,34,0,2,1.060595446584939,2
,9,,,,1,0,59,0,0,.5302977232924694,3
,10.5,,,,1,0,29,1,0,1.060595446584939,2
,9,,,,1,0,43,0,0,1.590893169877408,2
,5,,,,1,0,32,2,0,1.060595446584939,2
,5,,,,1,0,41,0,3,.5302977232924694,3
,11.5,,,,1,0,57,0,0,1.060595446584939,2
,10.5,,,,1,0,39,0,2,1.060595446584939,2
,10,,,,1,0,33,0,1,1.060595446584939,2
,10.5,,,,1,0,25,1,0,1.060595446584939,2
,10.5,,,,1,0,36,0,2,1.060595446584939,3
,12,,,,1,0,42,1,2,.5302977232924694,3
,17.5,,,,1,0,35,4,0,1.590893169877408,2
,10.5,,,,1,0,33,3,1,1.060595446584939,2
,9,,,,1,0,59,0,0,1.060595446584939,3
,10,,,,1,0,52,0,0,1.060595446584939,2
,10.5,,,,1,0,49,0,0,1.590893169877408,2
,10.5,,,,1,0,59,0,0,1.060595446584939,2
,10.5,,,,1,0,39,1,1,1.060595446584939,2
,9.75,,,,1,0,49,0,1,1.590893169877408,2
,10.5,,,,1,0,44,0,0,1.590893169877408,2
,11.5,,,,1,0,61,0,0,1.060595446584939,2
,9.75,,,,1,0,30,2,0,1.060595446584939,2
,10.5,,,,1,0,33,2,2,1.060595446584939,2
,12,,,,1,0,38,1,1,1.060595446584939,2
,9,,,,1,0,40,0,1,1.060595446584939,2
,10.5,,,,1,0,28,1,0,1.060595446584939,2
,9.75,,,,1,0,31,2,0,1.060595446584939,2
,9,,,,1,0,19,0,0,1.590893169877408,1
,10.5,,,,1,0,29,1,0,1.060595446584939,2
,10.5,,,,1,0,32,3,1,1.060595446584939,2
,10.5,,,,1,0,34,2,1,1.060595446584939,2
,10.5,,,,1,0,39,0,2,1.060595446584939,2
,10.5,,,,1,0,38,2,2,1.060595446584939,2
,10.5,,,,1,0,32,2,0,1.060595446584939,2
,10.5,,,,1,0,59,0,0,1.060595446584939,2
,10.5,,,,1,0,44,0,3,1.060595446584939,2
,12.5,,,,1,0,55,0,0,1.060595446584939,2
,9.75,,,,1,0,36,1,0,1.060595446584939,2
,9,,,,1,0,45,0,1,1.060595446584939,2
,10.5,,,,1,0,42,0,3,1.060595446584939,2
,9.75,,,,1,0,53,0,0,1.060595446584939,2
,10.5,,,,1,0,41,0,0,1.590893169877408,2
,10.5,,,,1,0,58,0,0,1.590893169877408,2
,10.5,,,,1,0,53,0,0,1.060595446584939,2
,9,,,,1,0,32,0,2,1.060595446584939,2
,10.5,,,,1,0,57,0,0,1.590893169877408,2
,10.5,,,,1,0,39,0,2,1.060595446584939,2
,12,,,,0,0,49,0,2,1.060595446584939,2
,5,,,,1,0,38,0,2,1.060595446584939,2
,12,,,,1,0,58,0,0,.5302977232924694,3
,10.5,,,,1,0,51,0,0,1.060595446584939,2
,10.5,,,,1,0,34,2,1,1.060595446584939,2
,10.5,,,,1,0,43,0,2,1.060595446584939,2
,10.5,,,,1,0,40,2,3,1.060595446584939,2
,10.5,,,,1,0,62,0,0,.5302977232924694,3
,12.5,,,,1,0,36,2,0,1.060595446584939,2
,10.5,,,,1,0,24,2,0,1.060595446584939,2
,10.5,,,,1,0,37,0,1,1.590893169877408,2
,12,,,,1,0,37,1,3,1.060595446584939,2
,10.5,,,,0,0,59,0,0,2.121190893169878,2
,10.5,,,,1,0,37,2,0,1.060595446584939,2
,10.5,,,,1,0,47,0,1,1.060595446584939,2
,10.5,,,,1,0,53,0,0,1.060595446584939,2
,9,,,,1,0,41,2,0,.5302977232924694,2
,9,,,,1,0,49,0,1,1.060595446584939,2
,10,,,,1,0,55,0,1,2.121190893169878,2
,10.5,,,,1,0,49,0,0,1.060595446584939,3
,12.5,,,,1,0,42,0,2,1.060595446584939,2
,17.5,,,,1,0,40,0,2,1.060595446584939,2
,10,,,,1,0,57,0,0,1.060595446584939,2
,9.75,,,,1,0,42,0,2,.5302977232924694,3
,9,,,,1,0,38,1,1,1.060595446584939,2
,10.5,,,,1,0,60,0,0,.5302977232924694,3
,10.5,,,,1,0,35,1,0,1.060595446584939,2
,9,,,,1,0,58,0,0,1.060595446584939,2
,10.5,,,,1,0,41,0,1,1.590893169877408,2
,9,,,,1,0,61,0,0,1.060595446584939,2
,10.5,,,,1,0,37,1,1,1.060595446584939,2
,10.5,,,,1,0,35,3,0,1.060595446584939,2
,10.5,,,,0,0,25,0,0,.5302977232924694,1
,12,,,,1,0,56,0,0,1.060595446584939,2
,10.5,,,,1,0,33,3,0,1.060595446584939,2
,10.5,,,,1,0,39,0,2,1.060595446584939,2
,10.5,,,,1,0,36,0,3,1.060595446584939,2
,10,,,,1,0,49,0,0,2.121190893169878,2
,10.5,,,,1,0,51,0,0,1.590893169877408,2
,10.5,,,,1,0,32,1,0,1.060595446584939,2
,10.5,,,,1,0,41,1,2,1.060595446584939,2
,10.5,,,,1,0,40,0,2,1.060595446584939,2
,15,,,,1,0,40,3,1,1.060595446584939,2
,17.5,,,,1,0,42,1,1,1.060595446584939,2
,10.5,,,,1,0,30,1,0,1.060595446584939,2
,10.5,,,,1,0,38,0,2,1.060595446584939,2
,10.5,,,,1,0,29,2,1,1.060595446584939,2
,12,,,,1,0,61,0,0,1.060595446584939,2
,12,,,,1,0,35,3,0,1.060595446584939,2
,12,,,,1,0,54,0,1,1.060595446584939,2
,10.5,,,,1,0,57,0,0,1.590893169877408,2
,10.5,,,,1,0,61,0,0,.5302977232924694,2
,10.5,,,,1,0,37,2,1,1.060595446584939,2
,10.5,,,,1,0,38,2,0,1.060595446584939,2
,9,,,,1,0,46,0,2,1.060595446584939,2
,10.5,,,,1,0,35,3,0,1.060595446584939,2
,5,,,,1,0,30,0,4,1.060595446584939,2
,9,,,,0,0,41,0,0,1.060595446584939,2
,10.5,,,,1,0,54,0,0,.5302977232924694,3
,10.5,,,,1,0,33,1,1,1.060595446584939,2
,12.5,,,,1,0,50,0,1,1.060595446584939,2
,10.5,,,,1,0,43,0,1,1.590893169877408,2
,10.5,,,,1,0,59,0,0,1.060595446584939,2
,17.5,,,,1,0,33,2,0,1.060595446584939,2
,17.5,,,,1,0,42,0,2,1.060595446584939,2
,12,,,,1,0,25,2,0,1.060595446584939,2
,10.5,,,,1,0,36,0,2,1.060595446584939,2
,10.5,,,,1,0,32,2,0,1.060595446584939,2
,9.75,,,,1,0,61,0,0,1.060595446584939,2
,10.5,,,,1,0,34,2,1,1.060595446584939,2
,12.5,,,,1,0,34,3,0,1.060595446584939,2
,9,,,,1,0,59,0,0,1.060595446584939,2
,17.5,,,,1,0,33,2,0,1.060595446584939,2
,10.5,,,,1,0,50,1,0,1.060595446584939,2
